user_id,application_id,payment_plan,response,hours_online,program_name,application_type_name,referrer,gender,home_country,work_country,practice_type,professional_assoc,home_state,work_state,preprobation,currentafterpreprbation,Orientation,Unit 1,Unit 2,Unit 3,Unit 4,units,status_id_binary
1491,6530,2 Payments,27.5,10.8,Summer,Regular,Other,F,US,US,NotListed,Others,OthStates,OthStates,3.0,3.0,NoNeed,991.3453255555555,994.3326925000001,1161.7357733333333,889.1239288888887,1009.13,1
2314,6520,2 Payments,42.0,11.43,Summer,Regular,Ad,F,Unknown,US,Listed,Others,Unknown,OthStates,0.0,0.0,NoNeed,915.0496847222224,958.1354516666668,985.1261575,956.250588888889,953.64,1
4349,13825,2 Payments,29.75,10.09,Summer,Regular,Other,F,US,US,Listed,RegisteredNurse,OthStates,OthStates,0.0,0.0,Attend,885.0240755555554,794.0818072222223,765.7584511111113,678.88792,780.94,1
5965,6611,2 Payments,26.25,11.12,Summer,Regular,Other,F,Unknown,Unknown,Listed,RegisteredNurse,Unknown,Unknown,0.0,0.0,NoNeed,981.9848122222224,942.3957063888887,893.7496783333332,672.5456313888889,872.67,1
6843,13717,6 monthly payments,41.0,11.1,Spring,Scholarship,Associate,F,US,US,Listed,Others,OthStates,OthStates,0.0,0.0,Attend,840.2414719444445,930.4041894444445,929.2802127777776,900.1616250000003,900.02,1
7168,6111,6 monthly payments,34.75,11.14,Summer,Regular,Associate,F,Unknown,Unknown,NotListed,Others,Unknown,Unknown,0.0,0.0,NoNeed,920.192505,946.0138088888887,847.0950344444444,661.1627169444445,843.62,1
7199,6380,1 Payment,30.75,11.66,Summer,Regular,Associate,F,Unknown,Unknown,NotListed,Others,Unknown,Unknown,0.0,0.0,NoNeed,795.2672722222223,937.773185277778,1012.1172966666667,721.9590386111107,866.78,1
8451,6120,2 Payments,25.0,11.86,Summer,Regular,DrWeil,F,Intl,Unknown,NotListed,RegisteredNurse,Unknown,Unknown,0.0,0.0,NoNeed,888.3969208333333,871.152761388889,962.8013333333333,679.5151194444445,850.47,1
8956,16990,2 Payments,13.25,8.63,Spring,Scholarship,DrWeil,F,US,US,Listed,Others,OthStates,OthStates,0.0,0.0,Attend,777.4634924999997,0.0,0.0,0.0,194.37,0
9005,6672,6 monthly payments,26.5,11.22,Summer,Regular,Other,M,Intl,Intl,NotListed,Others,Unknown,Unknown,0.0,0.0,NoNeed,871.1212902777777,1007.6306191666664,547.5422994444443,717.0836955555556,785.84,1
9497,6534,1 Payment,27.0,10.82,Summer,Regular,Associate,M,US,Unknown,NotListed,RegisteredNurse,OthStates,Unknown,0.0,0.0,NoNeed,964.6784458333333,850.6396883333333,706.8934672222223,675.3225897222222,799.38,1
9925,8366,1 Payment,32.25,11.34,Summer,Scholarship,Other,F,Unknown,Unknown,NotListed,Others,OthStates,Unknown,0.0,0.0,Attend,967.0262133333333,959.6830302777776,991.6020744444444,1004.15254,980.62,1
10429,6176,1 Payment,27.5,11.44,Summer,Regular,Ad,F,US,US,NotListed,Others,OthStates,OthStates,0.0,0.0,NoNeed,785.4134230555555,910.7468191666667,715.2135777777777,761.5045066666668,793.22,1
11066,6130,1 Payment,32.0,10.79,Summer,Regular,Other,F,US,US,NotListed,Others,OthStates,OthStates,0.0,0.0,NoNeed,952.1901658333336,943.0903222222224,1012.0107138888887,732.0700127777777,909.84,1
12212,8573,1 Payment,108.5,11.58,Summer,Scholarship,Other,F,US,US,NotListed,RegisteredNurse,OthStates,OthStates,0.0,0.0,Attend,918.005063611111,853.5594672222223,870.7441822222223,973.1044630555556,903.85,0
12212,10014,1 Payment,108.5,11.58,Summer,Scholarship,Other,F,US,US,NotListed,RegisteredNurse,OthStates,OthStates,0.0,0.0,Attend,918.005063611111,853.5594672222223,870.7441822222223,973.1044630555556,903.85,1
12514,15186,6 monthly payments,42.25,10.12,Summer,Regular,DrWeil,F,US,US,NotListed,Others,OthStates,OthStates,0.0,0.0,Absence,935.7267955555556,953.6881083333333,824.1612402777777,670.6625727777778,846.06,1
12598,6573,1 Payment,38.0,11.68,Summer,Regular,Other,F,Unknown,US,NotListed,RegisteredNurse,AZ&CA,AZ&CA,0.0,0.0,NoNeed,949.3205152777778,961.4199152777776,966.7534880555555,954.9688252777776,958.12,1
13253,8615,1 Payment,17.75,9.48,Summer,Regular,Other,F,Intl,Intl,NotListed,Others,Unknown,OthStates,0.0,0.0,Absence,613.7260294444444,1511.4140905555555,0.0,0.0,531.29,0
13910,9094,1 Payment,34.5,11.47,Spring,Regular,Ad,F,US,US,NotListed,Others,OthStates,OthStates,0.0,0.0,Attend,969.3424380555556,981.6382047222224,1005.0531180555556,1370.0807266666668,1081.53,1
14044,10342,6 monthly payments,0.0,0.0,Summer,Scholarship,Associate,F,US,US,NotListed,Others,AZ&CA,AZ&CA,0.0,0.0,Attend,0.0,0.0,0.0,0.0,0.0,0
16274,7237,1 Payment,34.25,10.49,Spring,Discounted,Other,F,US,US,NotListed,Others,AZ&CA,AZ&CA,0.0,0.0,NoNeed,960.4147230555556,980.817208611111,1084.801502222222,1273.7583833333333,1074.95,1
16435,7215,1 Payment,30.0,10.02,Spring,Discounted,Other,F,US,Unknown,NotListed,RegisteredNurse,AZ&CA,Unknown,0.0,0.0,NoNeed,1082.6286372222226,1219.4861577777776,736.7112147222223,767.3446858333333,951.54,1
17210,8369,1 Payment,27.75,10.01,Summer,Scholarship,Associate,F,US,Unknown,NotListed,RegisteredNurse,OthStates,Unknown,0.0,0.0,Attend,901.1926261111107,804.1938508333333,878.3331633333332,0.0,645.93,0
17948,6123,1 Payment,37.5,10.54,Spring,Scholarship,DrWeil,F,US,US,NotListed,Others,AZ&CA,AZ&CA,0.0,0.0,Attend,721.9166697222223,795.6250022222223,315.5152472222222,555.9643419444443,597.26,1
18132,9030,6 monthly payments,34.0,10.5,Spring,Scholarship,Ad,F,US,US,NotListed,RegisteredNurse,AZ&CA,AZ&CA,0.0,0.0,Absence,933.088557777778,863.1166608333333,938.0509694444444,1058.4513463888886,948.18,1
18826,6452,6 monthly payments,41.5,11.5,Summer,Regular,Associate,F,US,US,NotListed,Others,OthStates,OthStates,0.0,0.0,NoNeed,791.829195,889.3965080555556,270.6837341666667,792.7979975000003,686.18,1
18870,6577,1 Payment,91.5,12.08,Summer,Scholarship,Other,F,US,Unknown,NotListed,Others,OthStates,Unknown,0.0,0.0,Attend,782.2191177777777,867.4164655555555,993.851581111111,1022.9680025,916.61,0
18870,9047,1 Payment,91.5,12.08,Spring,Discounted,Other,F,US,Unknown,NotListed,Others,OthStates,Unknown,0.0,0.0,Attend,782.2191177777777,867.4164655555555,993.851581111111,1022.9680025,916.61,1
19201,6172,1 Payment,30.75,11.23,Summer,Regular,DrWeil,F,US,Unknown,Listed,RegisteredNurse,OthStates,Unknown,0.0,0.0,NoNeed,807.9082547222223,966.5657227777778,919.5482877777775,942.0057694444445,909.01,1
19237,6094,6 monthly payments,16.75,9.8,Summer,Regular,DrWeil,M,Unknown,Unknown,NotListed,Others,Unknown,OthStates,0.0,0.0,NoNeed,827.1418477777777,1010.7252641666664,0.0,973.6066394444445,702.87,1
22349,8577,1 Payment,36.5,10.59,Summer,Scholarship,Other,F,US,US,NotListed,RegisteredNurse,OthStates,OthStates,0.0,0.0,Attend,959.0701838888887,933.6694808333333,1123.1972877777778,1117.1972444444446,1033.28,1
23965,8210,1 Payment,41.25,11.16,Summer,Scholarship,DrWeil,F,Intl,Intl,NotListed,RegisteredNurse,Unknown,Unknown,0.0,0.0,Attend,957.3885483333332,928.2857286111113,695.7587347222221,645.7586533333333,806.8,1
24073,6096,2 Payments,33.75,11.59,Summer,Regular,DrWeil,F,Unknown,Unknown,NotListed,RegisteredNurse,OthStates,Unknown,0.0,0.0,NoNeed,847.4004433333333,857.3927913888889,679.3158902777778,730.373765,778.62,1
24124,6174,2 Payments,23.25,10.28,Summer,Regular,Other,F,US,US,Listed,RegisteredNurse,OthStates,OthStates,2.0,1.0,NoNeed,773.0782327777777,1058.006536111111,788.81899,758.8843005555556,844.7,1
24453,6118,6 monthly payments,24.0,10.61,Summer,Regular,DrWeil,F,US,US,NotListed,Others,OthStates,OthStates,0.0,0.0,NoNeed,964.9789916666667,973.5408699999999,846.4688822222223,1014.2034875,949.8,1
24455,6124,2 Payments,29.75,10.77,Summer,Regular,Other,F,US,US,NotListed,Others,OthStates,OthStates,1.0,1.0,NoNeed,947.9306741666667,991.8026058333336,743.6691400000003,676.0909380555555,839.87,1
24523,6135,1 Payment,29.75,10.98,Summer,Regular,DrWeil,F,US,Unknown,NotListed,RegisteredNurse,AZ&CA,Unknown,0.0,0.0,NoNeed,772.8584522222221,848.1189005555556,794.9579272222223,794.6993177777779,802.66,1
24534,6674,2 Payments,30.5,11.63,Summer,Regular,Other,F,Unknown,US,NotListed,Others,Unknown,OthStates,0.0,0.0,NoNeed,758.3268877777778,836.3781136111113,961.1317449999999,740.4514719444444,824.07,1
24541,6126,6 monthly payments,3.0,6.67,Summer,Regular,Ad,F,US,US,NotListed,Others,AZ&CA,AZ&CA,1.0,0.0,NoNeed,313.8102216666667,0.0,0.0,0.0,78.45,0
24615,6182,2 Payments,25.0,10.73,Summer,Regular,DrWeil,F,US,US,NotListed,RegisteredNurse,AZ&CA,AZ&CA,1.0,1.0,NoNeed,959.6581641666667,1071.9777875,794.0683566666668,651.7709130555555,869.37,1
24760,6300,1 Payment,27.75,10.78,Summer,Regular,Associate,F,Unknown,Unknown,NotListed,Others,Unknown,Unknown,0.0,0.0,NoNeed,963.2902822222225,964.5472941666667,838.0563669444444,553.3329447222222,829.81,1
24779,6564,2 Payments,31.5,11.0,Summer,Regular,Ad,F,US,Unknown,NotListed,Others,OthStates,Unknown,0.0,0.0,NoNeed,844.9058913888887,915.4517275,935.070925277778,861.5693316666667,889.25,1
24780,6794,1 Payment,24.5,9.86,Spring,Regular,Other,F,US,US,NotListed,Others,AZ&CA,AZ&CA,0.0,0.0,NoNeed,1347.5661022222225,461.4583377777778,860.1444875,840.8948694444442,877.52,1
24827,6331,2 Payments,34.25,11.32,Summer,Regular,DrWeil,F,Unknown,Unknown,NotListed,Others,Unknown,Unknown,0.0,0.0,NoNeed,886.6458986111113,966.1282011111113,849.5839219444445,987.1849180555556,922.39,1
24923,6393,2 Payments,25.25,10.38,Summer,Regular,DrWeil,F,US,US,Listed,Others,AZ&CA,AZ&CA,2.0,2.0,NoNeed,1180.6339355555556,864.7454574999997,721.8989755555556,460.88943138888885,807.04,1
24946,6414,2 Payments,35.5,11.51,Summer,Regular,Other,F,Unknown,Unknown,NotListed,Others,Unknown,Unknown,0.0,0.0,NoNeed,951.3802213888887,932.5235327777775,903.0875613888887,711.1393908333333,874.53,1
25035,6474,2 Payments,25.5,10.52,Summer,Regular,Other,F,US,US,Listed,Others,Unknown,OthStates,1.0,1.0,NoNeed,816.4687366666667,886.5471008333334,876.1646288888887,739.55701,829.68,1
25101,6569,1 Payment,21.5,11.13,Summer,Regular,Other,F,US,Unknown,NotListed,Others,OthStates,Unknown,0.0,0.0,NoNeed,966.9457194444444,935.8317416666664,982.8725483333334,529.5713797222222,853.81,1
25121,6543,6 monthly payments,26.75,11.23,Summer,Regular,Other,F,Unknown,Unknown,NotListed,Others,Unknown,Unknown,0.0,0.0,NoNeed,788.1032261111111,698.7787572222223,923.7065702777776,689.6428580555556,775.06,1
25130,6546,1 Payment,40.0,10.96,Summer,Regular,Ad,F,US,US,Listed,Others,AZ&CA,AZ&CA,0.0,0.0,NoNeed,889.2668630555555,856.0396213888887,721.5004969444444,670.7698019444445,784.39,1
25157,6630,1 Payment,33.75,10.77,Summer,Regular,Other,F,Intl,Intl,NotListed,Others,Unknown,Unknown,1.0,1.0,NoNeed,913.263745,890.7610525,843.0313230555556,836.789375,870.96,1
25194,6614,1 Payment,29.5,10.63,Summer,Regular,Associate,F,Unknown,Unknown,NotListed,Others,Unknown,Unknown,0.0,0.0,NoNeed,673.0980241666667,913.69844,742.9970036111113,766.0450386111113,773.96,1
25203,6588,2 Payments,34.0,11.09,Summer,Regular,DrWeil,F,US,US,NotListed,Others,OthStates,OthStates,0.0,0.0,NoNeed,872.7141777777778,956.758855,813.6834697222223,803.0732919444442,861.56,1
25205,6618,1 Payment,26.5,10.91,Summer,Regular,DrWeil,F,US,US,NotListed,Others,Unknown,OthStates,1.0,1.0,NoNeed,961.0576402777778,842.9137186111111,747.5020616666666,1198.0761838888886,937.39,1
25219,6597,6 monthly payments,20.75,10.53,Summer,Regular,Other,F,US,US,NotListed,Others,Unknown,OthStates,0.0,0.0,NoNeed,867.9466580555555,837.5606947222223,945.2244441666667,843.2973488888887,873.51,1
25300,6642,6 monthly payments,32.75,11.66,Summer,Regular,Ad,F,Unknown,Unknown,NotListed,Others,Unknown,Unknown,0.0,0.0,NoNeed,872.7072277777777,951.4164977777775,843.5875558333332,678.2600249999998,836.49,1
25302,6647,1 Payment,34.25,10.74,Summer,Regular,Other,F,US,US,NotListed,Others,AZ&CA,AZ&CA,1.0,1.0,NoNeed,928.0025969444445,909.2186738888887,905.9339966666664,954.6830988888887,924.46,1
25325,6782,1 Payment,37.75,10.71,Spring,Regular,Ad,F,US,US,NotListed,RegisteredNurse,AZ&CA,AZ&CA,0.0,0.0,NoNeed,842.4957608333334,935.4639777777776,972.1902727777775,993.5402177777776,935.92,1
25379,6666,6 monthly payments,32.25,11.08,Summer,Regular,DrWeil,F,US,US,NotListed,Others,AZ&CA,Unknown,1.0,0.0,NoNeed,777.5611255555556,962.2200377777775,981.2246602777775,956.2738075,919.32,1
25394,6671,2 Payments,41.5,11.39,Summer,Regular,Ad,F,US,US,NotListed,RegisteredNurse,OthStates,OthStates,2.0,1.0,NoNeed,1109.5494186111114,934.5776761111113,0.0,0.0,511.03,0
25394,7230,Other,41.5,11.39,Spring,Discounted,Ad,F,US,US,NotListed,RegisteredNurse,OthStates,OthStates,2.0,1.0,NoNeed,1109.5494186111114,934.5776761111113,0.0,0.0,511.03,0
25415,6687,6 monthly payments,35.25,11.16,Summer,Regular,Other,F,US,US,NotListed,Others,OthStates,Unknown,3.0,3.0,NoNeed,815.6198691666667,1920.743523333333,528.3101341666667,565.2546638888889,957.48,1
25421,8643,6 monthly payments,36.0,10.77,Spring,Regular,Associate,F,US,US,Listed,RegisteredNurse,OthStates,OthStates,0.0,0.0,Attend,851.7907727777778,974.0116997222225,939.2566116666667,1162.1336447222222,981.8,1
25449,6722,6 monthly payments,33.25,10.93,Summer,Regular,Other,F,Unknown,Unknown,Listed,Others,Unknown,Unknown,0.0,0.0,NoNeed,862.7256163888889,942.5309330555556,993.8253569444445,721.3382613888889,880.11,1
25456,9138,6 monthly payments,37.75,11.88,Spring,Regular,DrWeil,F,US,Unknown,Listed,RegisteredNurse,OthStates,Unknown,0.0,0.0,Attend,912.0075086111113,973.10765,761.2967869444444,1344.509873611111,997.73,1
25462,6730,1 Payment,24.0,11.09,Summer,Scholarship,Associate,F,US,Unknown,Listed,RegisteredNurse,AZ&CA,Unknown,0.0,0.0,NoNeed,938.8202569444444,929.6655747222225,1129.7339825,784.4076844444444,945.66,1
25463,6732,1 Payment,41.75,11.37,Summer,Scholarship,DrWeil,F,US,US,Listed,RegisteredNurse,AZ&CA,AZ&CA,0.0,0.0,NoNeed,937.4341213888887,932.3880833333334,723.0177216666666,895.8050641666667,872.16,1
25668,10333,1 Payment,25.5,10.23,Spring,Scholarship,Ad,F,US,US,NotListed,Others,OthStates,OthStates,0.0,0.0,Absence,913.0958886111113,989.2602502777776,718.2653127777777,708.30336,832.23,1
25696,6889,1 Payment,32.75,10.9,Spring,Regular,Other,F,US,Unknown,NotListed,RegisteredNurse,AZ&CA,Unknown,0.0,0.0,NoNeed,975.7060849999999,736.3329238888889,654.8777238888888,458.24699,706.29,1
25790,8305,1 Payment,28.0,10.48,Summer,Scholarship,Other,F,Unknown,Unknown,NotListed,RegisteredNurse,Unknown,Unknown,0.0,0.0,Attend,939.4360641666666,967.8578252777776,1088.2517805555556,640.0079036111111,908.89,1
25833,6896,1 Payment,26.5,10.17,Spring,Regular,Associate,F,US,US,NotListed,Others,OthStates,Unknown,0.0,0.0,NoNeed,769.4711386111113,854.1324516666666,841.8027327777777,963.0252380555555,857.11,1
25942,6937,1 Payment,69.25,11.7,Spring,Regular,Ad,F,US,US,NotListed,RegisteredNurse,AZ&CA,AZ&CA,0.0,0.0,NoNeed,855.7652105555555,972.8562388888887,835.3612449999997,900.1550097222223,891.03,0
25942,8349,1 Payment,69.25,11.7,Summer,Regular,Ad,F,US,US,NotListed,RegisteredNurse,AZ&CA,AZ&CA,0.0,0.0,Attend,855.7652105555555,972.8562388888887,835.3612449999997,900.1550097222223,891.03,1
25958,6963,1 Payment,24.75,10.2,Spring,Regular,Other,F,Unknown,Unknown,NotListed,Others,AZ&CA,Unknown,0.0,0.0,NoNeed,965.7458922222224,904.2770288888887,821.9435527777777,696.7818383333333,847.19,1
26040,6966,2 Payments,32.0,10.36,Spring,Regular,Ad,F,US,US,Listed,RegisteredNurse,OthStates,OthStates,0.0,0.0,NoNeed,888.8344991666668,946.3531508333333,935.6168830555556,693.8654202777777,866.17,1
26041,6968,2 Payments,30.5,10.72,Spring,Regular,Ad,F,Unknown,Intl,NotListed,Others,Unknown,Unknown,0.0,0.0,NoNeed,991.90695,963.2441455555555,992.4178733333333,986.1619699999999,983.43,1
26054,10344,6 monthly payments,32.25,10.23,Summer,Scholarship,DrWeil,F,US,US,NotListed,RegisteredNurse,OthStates,OthStates,0.0,0.0,Absence,912.3799302777776,892.1970119444444,655.6146111111111,727.9950641666667,797.05,1
26078,6974,6 monthly payments,40.5,10.86,Spring,Discounted,Other,F,US,US,NotListed,Others,Unknown,AZ&CA,0.0,0.0,NoNeed,1010.1131619444444,971.0576663888887,873.7359588888893,564.6357336111113,854.89,1
26172,6984,6 monthly payments,28.75,10.1,Spring,Regular,Ad,M,Unknown,US,NotListed,Others,Unknown,OthStates,0.0,0.0,NoNeed,1474.7114730555554,606.6890466666666,1465.176038333333,703.8454019444445,1062.61,1
26184,7024,6 monthly payments,40.5,11.62,Spring,Regular,Ad,M,US,US,NotListed,Others,OthStates,OthStates,0.0,0.0,NoNeed,906.1932777777776,982.0674152777775,940.0872727777776,722.5809766666665,887.73,1
26315,7062,6 monthly payments,2.5,7.07,Spring,Regular,Ad,F,US,US,NotListed,RegisteredNurse,OthStates,Unknown,0.0,0.0,NoNeed,121.76875249999999,0.0,0.0,0.0,30.44,0
26405,7086,1 Payment,36.75,10.77,Spring,Regular,Associate,M,Unknown,Unknown,NotListed,Others,Unknown,Unknown,0.0,0.0,NoNeed,711.7217711111111,736.186931388889,832.3882269444445,768.714465,762.25,1
26583,7119,1 Payment,37.0,11.49,Spring,Regular,Ad,F,Unknown,Unknown,NotListed,RegisteredNurse,OthStates,Unknown,0.0,0.0,NoNeed,922.4301930555556,943.8646052777775,892.1736044444444,723.540678611111,870.5,1
26628,13528,1 Payment,40.25,10.59,Spring,Scholarship,Other,F,Unknown,US,Listed,RegisteredNurse,OthStates,OthStates,0.0,0.0,Attend,778.3929597222221,981.5637947222225,919.7005708333336,1098.2722916666667,944.48,1
26660,8468,6 monthly payments,39.25,11.29,Summer,Scholarship,Ad,F,Intl,Intl,NotListed,RegisteredNurse,Unknown,Unknown,0.0,0.0,Attend,945.0320005555556,997.3597,703.1587297222222,1055.3643272222225,925.23,1
26706,7145,1 Payment,30.5,11.26,Spring,Discounted,DrWeil,F,US,Unknown,NotListed,Others,OthStates,Unknown,0.0,0.0,NoNeed,919.6353830555556,907.3250577777776,1148.0456458333333,364.1793422222222,834.8,1
26757,7149,1 Payment,31.25,9.99,Spring,Discounted,Ad,F,US,US,NotListed,RegisteredNurse,AZ&CA,AZ&CA,0.0,0.0,NoNeed,1035.7922263888886,911.3227119444444,1195.7275594444445,615.1333847222222,939.49,1
26773,7313,1 Payment,34.25,11.01,Spring,Regular,Other,F,US,US,Listed,RegisteredNurse,OthStates,OthStates,0.0,0.0,NoNeed,896.4817636111111,1250.6440205555555,750.1182455555555,2392.367609444445,1322.4,1
26799,7157,6 monthly payments,30.25,10.88,Spring,Regular,Ad,F,US,Unknown,NotListed,Others,OthStates,Unknown,0.0,0.0,NoNeed,965.1212433333333,969.7359919444444,994.5906508333333,657.6332955555556,896.77,1
26872,7240,6 monthly payments,36.0,10.52,Spring,Regular,Associate,F,US,US,NotListed,Others,OthStates,OthStates,0.0,0.0,NoNeed,994.0845319444444,968.0397480555556,958.4777486111113,884.7952141666667,951.35,1
26910,7185,1 Payment,33.5,11.12,Spring,Regular,Associate,F,US,Unknown,NotListed,RegisteredNurse,OthStates,Unknown,0.0,0.0,NoNeed,983.4244672222222,989.9658177777776,965.1992947222222,994.5037241666668,983.27,1
27039,7229,1 Payment,19.0,9.59,Spring,Regular,Associate,F,US,US,NotListed,Others,AZ&CA,AZ&CA,0.0,0.0,NoNeed,762.1687780555555,968.6091702777776,119.77837027777778,0.0,462.64,0
27040,7209,6 monthly payments,20.75,10.93,Spring,Regular,Associate,F,US,Unknown,NotListed,Others,OthStates,OthStates,0.0,0.0,NoNeed,950.2968569444445,826.9557472222223,962.6717958333332,697.4263508333332,859.34,1
27044,7211,2 Payments,37.0,9.99,Spring,Regular,DrWeil,F,US,US,NotListed,RegisteredNurse,OthStates,OthStates,0.0,0.0,NoNeed,917.0065388888887,969.395254722222,859.8263144444444,897.1228199999997,910.84,1
27045,7288,1 Payment,38.25,10.62,Spring,Discounted,Associate,M,US,US,Listed,RegisteredNurse,OthStates,OthStates,0.0,0.0,NoNeed,594.7996350000002,941.970261388889,853.5746266666665,610.0910169444444,750.11,1
27046,7212,2 Payments,8.5,7.2,Spring,Regular,Associate,F,Unknown,US,NotListed,Others,Unknown,AZ&CA,0.0,0.0,NoNeed,457.5167797222222,0.0,0.0,0.0,114.38,0
27150,7277,1 Payment,37.75,10.46,Spring,Regular,Ad,F,US,Unknown,NotListed,Others,OthStates,Unknown,0.0,0.0,NoNeed,893.7892805555556,940.219119722222,1008.3884394444444,842.3072336111113,921.18,1
27192,13725,1 Payment,34.75,10.41,Spring,Scholarship,Associate,F,US,US,Listed,Others,OthStates,OthStates,0.0,0.0,Attend,828.842898888889,887.5413441666667,922.2456261111113,907.0605133333332,886.42,1
27247,7326,1 Payment,27.5,10.03,Spring,Regular,Other,F,US,US,NotListed,RegisteredNurse,OthStates,OthStates,0.0,0.0,NoNeed,940.3026258333334,925.5637855555556,946.7811461111113,602.7467752777778,853.85,1
27663,10280,1 Payment,31.75,10.77,Summer,Scholarship,DrWeil,F,US,US,NotListed,RegisteredNurse,OthStates,OthStates,0.0,0.0,Absence,720.3449858333332,943.535417777778,921.0674566666668,650.8414216666666,808.95,1
28028,8548,6 monthly payments,34.75,9.84,Summer,Scholarship,Ad,F,US,US,NotListed,RegisteredNurse,AZ&CA,AZ&CA,0.0,0.0,Attend,904.9557330555556,1019.0437455555556,960.7825308333332,215.16516027777786,774.99,1
28120,8630,1 Payment,40.25,10.68,Summer,Regular,DrWeil,F,US,US,NotListed,Others,OthStates,OthStates,0.0,0.0,Attend,1040.5024119444445,981.100696388889,1100.5560338888888,1335.1072861111113,1114.32,1
28127,7798,6 monthly payments,36.0,10.07,Summer,Scholarship,Ad,F,US,US,NotListed,Others,OthStates,OthStates,0.0,0.0,Absence,967.3155075,796.2935702777777,799.0993122222222,930.4678163888887,873.29,1
28354,7915,1 Payment,36.75,10.55,Summer,Regular,Other,F,US,US,NotListed,Others,OthStates,OthStates,0.0,0.0,Absence,959.6653319444445,947.1530813888887,957.7649313888887,674.7332288888888,884.83,1
28673,8266,2 Payments,38.25,11.26,Summer,Regular,Ad,F,US,US,NotListed,Others,OthStates,OthStates,0.0,0.0,Attend,857.0709788888887,940.004314722222,870.3928197222223,576.8476677777778,811.08,1
28680,8097,1 Payment,30.5,9.94,Summer,Scholarship,Ad,F,US,US,NotListed,RegisteredNurse,OthStates,Unknown,0.0,0.0,Attend,967.4075883333336,933.9955083333333,711.1876275000003,376.9669122222222,747.39,1
28688,8106,6 monthly payments,35.75,10.75,Summer,Scholarship,Other,F,US,US,NotListed,RegisteredNurse,Unknown,Unknown,0.0,0.0,Attend,964.932262777778,905.3797352777775,964.7438402777775,824.9030899999997,914.99,1
28997,11899,2 Payments,42.25,11.02,Spring,Regular,DrWeil,F,US,US,Listed,RegisteredNurse,OthStates,OthStates,0.0,0.0,Attend,721.7587777777777,912.0869180555555,774.9600269444444,767.6404547222223,794.11,1
29008,8280,6 monthly payments,36.0,11.02,Summer,Scholarship,Other,F,Unknown,Unknown,NotListed,Others,Unknown,Unknown,0.0,0.0,Attend,970.1175066666667,923.3063958333332,961.220438611111,680.5254433333333,883.79,1
29028,8324,6 monthly payments,33.0,10.56,Summer,Scholarship,Ad,F,US,US,NotListed,Others,OthStates,OthStates,0.0,0.0,Attend,887.2147788888889,905.810425,756.31012,711.5307894444444,815.22,1
29105,8310,1 Payment,37.25,9.84,Spring,Scholarship,Associate,F,Unknown,US,NotListed,Others,Unknown,AZ&CA,0.0,0.0,Attend,517.2598977777777,853.2894569444444,1031.9629083333334,793.4257558333333,798.98,1
29119,8326,6 monthly payments,38.5,11.0,Summer,Scholarship,Ad,M,Unknown,Unknown,NotListed,Others,Unknown,Unknown,0.0,0.0,Attend,812.6118211111111,646.8281677777778,457.82766,701.7581866666667,654.76,1
29145,8338,6 monthly payments,32.75,10.47,Summer,Scholarship,DrWeil,F,Unknown,Unknown,NotListed,Others,Unknown,Unknown,0.0,0.0,Attend,919.5539338888887,1042.7338244444445,898.351665,1005.0147802777775,966.41,1
29184,8352,6 monthly payments,23.25,10.09,Summer,Scholarship,Ad,F,US,Unknown,Listed,RegisteredNurse,AZ&CA,Unknown,0.0,0.0,Attend,987.9593855555556,938.6393405555556,1189.0652725000002,525.7584597222223,910.36,1
29195,8355,6 monthly payments,30.0,10.03,Summer,Scholarship,DrWeil,F,Unknown,Unknown,NotListed,RegisteredNurse,Unknown,Unknown,0.0,0.0,Absence,818.0379433333333,771.8948647222223,652.8527461111112,462.8835758333333,676.42,1
29197,8360,6 monthly payments,33.25,10.38,Summer,Scholarship,Ad,F,US,Unknown,NotListed,Others,OthStates,Unknown,0.0,0.0,Attend,903.4443694444444,940.4899647222225,1032.2245908333332,506.4536583333333,845.65,1
29316,8395,6 monthly payments,37.5,10.35,Summer,Scholarship,Associate,F,US,US,NotListed,Others,AZ&CA,AZ&CA,0.0,0.0,Attend,768.8219658333335,841.0328288888887,1079.6338769444444,579.6666036111111,817.29,1
29364,8422,1 Payment,26.0,8.93,Summer,Scholarship,DrWeil,F,US,Unknown,NotListed,RegisteredNurse,OthStates,Unknown,0.0,0.0,Attend,704.2688183333332,843.8379375000003,549.0398302777778,0.0,524.29,0
29502,8489,2 Payments,40.75,10.86,Summer,Scholarship,Other,M,Unknown,Unknown,NotListed,Others,Unknown,Unknown,0.0,0.0,Attend,867.7972586111111,811.2760333333334,822.8448722222223,957.3657908333333,864.82,1
29522,8498,1 Payment,31.0,10.52,Summer,Scholarship,Ad,F,Unknown,Unknown,NotListed,Others,Unknown,Unknown,0.0,0.0,Attend,883.5831533333335,971.3110691666667,1088.0919927777775,811.2573661111113,938.56,1
29551,14871,6 monthly payments,40.75,10.49,Summer,Regular,Associate,F,US,US,Listed,RegisteredNurse,AZ&CA,AZ&CA,0.0,0.0,Attend,941.9948058333333,889.7349944444444,938.4239280555556,726.3345511111113,874.12,1
29565,8533,6 monthly payments,29.75,10.6,Summer,Scholarship,Associate,F,Unknown,Unknown,NotListed,Others,Unknown,Unknown,0.0,0.0,Attend,937.0643388888888,848.9013800000001,1227.9500105555558,775.5596880555556,947.37,1
29572,8578,2 Payments,37.25,11.3,Summer,Regular,DrWeil,F,Unknown,Unknown,NotListed,Others,Unknown,Unknown,0.0,0.0,Attend,817.6473052777777,961.7211525,1007.6210741666667,1152.2523316666666,984.81,1
29583,8530,6 monthly payments,36.75,10.87,Summer,Regular,Other,F,US,US,NotListed,Others,OthStates,OthStates,0.0,0.0,Attend,937.8611833333333,946.4819680555556,940.0186377777776,889.9075949999999,928.57,1
29593,8536,6 monthly payments,30.25,10.55,Summer,Scholarship,Associate,F,Unknown,Unknown,NotListed,Others,Unknown,Unknown,0.0,0.0,Attend,804.0929644444444,971.9845972222224,863.0767144444444,437.8374897222222,769.25,1
29673,9046,6 monthly payments,38.25,10.58,Spring,Scholarship,Associate,F,Unknown,Unknown,Listed,RegisteredNurse,OthStates,Unknown,0.0,0.0,Attend,810.5401311111111,969.4853555555555,1275.035085,1186.3778405555556,1060.36,1
29706,16942,1 Payment,38.5,10.94,Spring,Regular,Other,F,US,US,NotListed,Others,OthStates,OthStates,0.0,0.0,Attend,814.3719158333333,938.9848444444444,915.8017747222225,841.153701388889,877.58,1
29749,8619,2 Payments,99.0,11.37,Summer,Regular,DrWeil,F,US,US,NotListed,RegisteredNurse,Unknown,Unknown,0.0,0.0,Attend,731.3803027777777,874.903365,602.1152772222222,670.2479366666668,719.66,0
29749,9251,2 Payments,99.0,11.37,Spring,Regular,DrWeil,F,US,US,NotListed,RegisteredNurse,Unknown,Unknown,0.0,0.0,Attend,731.3803027777777,874.903365,602.1152772222222,670.2479366666668,719.66,1
29755,20614,1 Payment,44.25,10.49,Summer,Regular,Associate,F,Intl,Intl,NotListed,Others,OthStates,OthStates,0.0,0.0,Attend,580.4811994444443,1087.582038611111,2165.13468,142.89407833333334,994.02,1
30152,8703,1 Payment,29.5,10.32,Spring,Scholarship,Ad,F,US,US,Listed,RegisteredNurse,OthStates,OthStates,0.0,0.0,Attend,673.8696238888889,850.5316705555556,818.0111516666667,171.26481833333338,628.42,1
30221,10279,6 monthly payments,30.0,10.91,Summer,Scholarship,Associate,F,US,US,Listed,RegisteredNurse,OthStates,OthStates,0.0,0.0,Attend,727.4657705555558,1059.100335,816.8777705555556,454.5700744444443,764.5,1
30274,9121,1 Payment,41.5,10.8,Spring,Scholarship,DrWeil,M,US,US,Listed,RegisteredNurse,OthStates,OthStates,0.0,0.0,Attend,875.2792816666665,793.8109841666667,650.5007361111111,599.39439,729.75,1
30306,9124,1 Payment,41.25,10.97,Summer,Scholarship,DrWeil,F,US,US,Listed,RegisteredNurse,OthStates,OthStates,0.0,0.0,Attend,736.5817163888887,865.4170188888893,626.9407861111113,404.0467561111112,658.25,1
30383,8758,6 monthly payments,36.75,10.34,Spring,Scholarship,Ad,M,US,US,NotListed,RegisteredNurse,AZ&CA,AZ&CA,0.0,0.0,Attend,901.3213469444444,941.4227863888887,944.9356686111113,725.5497983333332,878.31,1
30479,8787,1 Payment,25.25,10.32,Spring,Scholarship,Other,M,Unknown,Unknown,NotListed,Others,OthStates,Unknown,0.0,0.0,Attend,865.6268322222223,938.5825755555555,937.1535730555556,859.1201830555556,900.12,1
30560,8915,6 monthly payments,29.75,10.73,Spring,Regular,Other,F,US,US,Listed,RegisteredNurse,OthStates,OthStates,0.0,0.0,Attend,828.4282330555556,980.925772777778,958.8068227777776,1138.2609405555556,976.61,1
30897,9013,1 Payment,34.0,10.68,Spring,Scholarship,DrWeil,F,Unknown,Unknown,NotListed,Others,Unknown,Unknown,0.0,0.0,Attend,863.5963525000003,952.2710363888887,1010.1602716666667,1033.1915669444445,964.8,1
30977,8933,2 Payments,40.0,10.83,Spring,Regular,Other,F,US,Unknown,NotListed,RegisteredNurse,AZ&CA,Unknown,0.0,0.0,Attend,745.7183391666667,390.4021408333333,887.473535,1652.9675922222225,919.14,1
31475,9066,Other,17.5,9.0,Spring,Scholarship,Other,F,US,US,NotListed,Others,OthStates,OthStates,0.0,0.0,Absence,974.1330997222225,4.053197222222222,0.0,0.0,244.55,0
31497,9078,1 Payment,36.25,10.23,Summer,Scholarship,Other,F,US,US,Listed,Others,OthStates,Unknown,0.0,0.0,Attend,953.4042525,1051.5355430555555,938.2537894444445,1037.6795472222225,995.22,1
31620,9128,2 Payments,22.25,11.36,Spring,Scholarship,Associate,F,US,US,NotListed,RegisteredNurse,AZ&CA,Unknown,0.0,0.0,Attend,818.9606924999997,987.7869213888887,700.7984280555555,337.5116016666667,711.26,1
31630,16250,6 monthly payments,33.5,10.25,Spring,Regular,Ad,F,US,US,NotListed,Others,AZ&CA,AZ&CA,0.0,0.0,Attend,806.8713869444442,585.6503447222221,575.8498919444445,223.5014911111111,547.97,1
31717,9134,1 Payment,41.25,10.83,Spring,Scholarship,Associate,F,US,US,Listed,RegisteredNurse,OthStates,OthStates,0.0,0.0,Attend,932.591370277778,939.4980699999999,889.2185097222223,1349.5873025,1027.72,1
31734,9088,1 Payment,37.5,10.5,Spring,Scholarship,Other,F,US,US,NotListed,RegisteredNurse,OthStates,OthStates,0.0,0.0,Attend,887.2385183333334,951.2166827777776,961.225143888889,965.997695277778,941.42,1
31742,9071,2 Payments,3.75,6.97,Spring,Scholarship,Other,F,Unknown,Unknown,NotListed,RegisteredNurse,Unknown,Unknown,0.0,0.0,Attend,167.44241944444445,0.0,0.0,0.0,41.86,0
31750,9074,1 Payment,35.75,11.14,Spring,Scholarship,Other,F,US,US,NotListed,RegisteredNurse,OthStates,OthStates,0.0,0.0,Attend,792.1189558333333,828.2642697222221,794.8186825,1321.8928213888887,934.27,1
31872,9090,2 Payments,33.5,10.53,Spring,Regular,Ad,F,US,US,NotListed,Others,AZ&CA,AZ&CA,0.0,0.0,Attend,937.0231413888887,963.5912561111113,1003.8932408333333,1009.3095116666667,978.45,1
31923,9135,1 Payment,33.75,10.34,Spring,Scholarship,DrWeil,F,US,Unknown,Listed,RegisteredNurse,OthStates,Unknown,0.0,0.0,Attend,722.4682930555556,925.6928630555556,1009.5274844444444,521.8215025000002,794.88,1
32000,10197,1 Payment,30.0,10.44,Spring,Scholarship,Other,F,US,US,NotListed,RegisteredNurse,OthStates,OthStates,0.0,0.0,Attend,836.7235022222222,937.0469722222224,776.8402730555556,535.6992688888888,771.58,1
32218,9291,2 Payments,38.25,10.46,Spring,Regular,Other,F,Intl,Intl,NotListed,RegisteredNurse,AZ&CA,AZ&CA,0.0,0.0,Attend,699.9030700000003,608.0810944444444,371.18256805555563,400.7865633333333,519.99,1
32457,9458,1 Payment,35.5,10.81,Spring,Scholarship,Associate,F,US,US,Listed,RegisteredNurse,OthStates,OthStates,0.0,0.0,Attend,873.0309558333333,941.653674722222,897.9601550000001,995.9520330555556,927.15,1
32541,11436,2 Payments,31.0,10.37,Spring,Scholarship,Associate,F,US,US,NotListed,RegisteredNurse,OthStates,OthStates,0.0,0.0,Attend,728.2457333333334,881.2787908333332,842.1023694444444,663.3162938888888,778.74,1
32747,9672,1 Payment,26.5,10.32,Spring,Scholarship,Associate,M,US,Unknown,NotListed,Others,OthStates,Unknown,0.0,0.0,Attend,967.2266080555555,942.700603888889,997.883807777778,856.4598447222223,941.07,1
32977,13812,1 Payment,33.5,10.57,Spring,Scholarship,Associate,F,Unknown,US,NotListed,Others,OthStates,OthStates,0.0,0.0,Attend,917.4921158333334,945.8115013888887,930.7317977777775,1260.520667222222,1013.64,1
33047,9808,2 Payments,26.75,10.37,Spring,Regular,Ad,F,Unknown,US,NotListed,Others,OthStates,OthStates,0.0,0.0,Absence,862.5212688888887,926.2991333333333,764.6802469444444,1127.0518502777775,920.14,1
33097,9891,2 Payments,34.0,10.53,Spring,Regular,Ad,F,Unknown,US,NotListed,Others,Unknown,OthStates,0.0,0.0,Attend,887.9816988888889,957.2311063888887,875.7433105555556,997.0176513888887,929.49,1
33117,9831,6 monthly payments,23.0,9.82,Summer,Scholarship,Other,F,US,US,NotListed,Others,OthStates,Unknown,0.0,0.0,Absence,829.9958186111113,955.15845,1013.4193675,816.8944369444445,903.87,1
33169,10077,2 Payments,38.25,10.21,Summer,Regular,Associate,F,Unknown,Unknown,NotListed,Others,Unknown,Unknown,0.0,0.0,Attend,1030.2698727777777,933.9073833333333,885.4710436111113,786.1110958333333,908.94,1
33246,9892,1 Payment,37.75,10.91,Spring,Scholarship,Other,F,US,US,Listed,Others,OthStates,Unknown,0.0,0.0,Attend,746.5289858333333,958.7821347222224,904.9087813888887,1087.2326966666667,924.36,1
33304,9914,2 Payments,34.75,10.6,Spring,Regular,Ad,M,US,US,NotListed,Others,OthStates,OthStates,0.0,0.0,Absence,727.5438366666666,977.3038061111113,1182.9440419444445,1205.6204830555555,1023.35,1
33441,10307,6 monthly payments,110.0,12.5,Summer,Scholarship,Other,F,US,US,NotListed,RegisteredNurse,OthStates,OthStates,0.0,0.0,Attend,951.115766111111,983.6636597222224,307.1963383333333,915.8698308333333,789.46,0
33441,13843,6 monthly payments,110.0,12.5,Spring,Scholarship,Other,F,US,US,NotListed,RegisteredNurse,OthStates,OthStates,0.0,0.0,Attend,951.115766111111,983.6636597222224,307.1963383333333,915.8698308333333,789.46,1
33506,10413,1 Payment,37.0,10.85,Summer,Regular,Associate,F,US,US,NotListed,RegisteredNurse,AZ&CA,Unknown,0.0,0.0,Attend,897.4925144444444,873.3552247222221,958.3447766666667,715.2811158333334,861.12,1
33559,10061,1 Payment,23.5,8.94,Summer,Regular,DrWeil,F,US,US,NotListed,Others,OthStates,OthStates,0.0,0.0,Attend,601.4425327777778,622.6158380555555,0.0,0.0,306.01,0
33778,10146,1 Payment,36.75,10.52,Summer,Scholarship,Associate,F,US,US,NotListed,RegisteredNurse,OthStates,OthStates,0.0,0.0,Attend,960.6446738888887,980.6318980555556,1061.2580261111113,529.2440430555555,882.94,1
33855,10192,2 Payments,35.5,10.02,Summer,Scholarship,Other,F,US,US,NotListed,Others,Unknown,Unknown,0.0,0.0,Attend,887.3668791666665,934.9464144444444,1036.6007616666666,994.5222072222224,963.36,1
33897,10183,2 Payments,37.75,9.97,Summer,Scholarship,Associate,F,US,US,NotListed,RegisteredNurse,OthStates,OthStates,0.0,0.0,Attend,911.7697705555556,926.5553544444444,815.0279505555555,819.5751227777777,868.23,1
33971,10216,1 Payment,0.0,0.0,Summer,Scholarship,Other,F,US,US,NotListed,Others,Unknown,Unknown,0.0,0.0,Attend,0.0,0.0,0.0,0.0,0.0,0
33978,10215,1 Payment,37.75,9.98,Summer,Scholarship,Other,F,US,US,NotListed,Others,AZ&CA,AZ&CA,0.0,0.0,Attend,865.2084336111111,986.2854191666668,1080.4462677777776,762.7648144444445,923.68,1
34083,10213,1 Payment,33.25,10.28,Summer,Scholarship,DrWeil,F,US,US,NotListed,Others,OthStates,OthStates,0.0,0.0,Attend,963.9280747222224,911.6176569444444,1029.4445033333334,999.3281341666666,976.08,1
34143,10239,1 Payment,0.0,0.0,Summer,Scholarship,Other,M,US,US,NotListed,Others,AZ&CA,AZ&CA,0.0,0.0,Attend,0.0,0.0,0.0,0.0,0.0,0
34157,10248,2 Payments,30.25,11.05,Summer,Regular,Associate,F,US,US,Listed,RegisteredNurse,OthStates,OthStates,0.0,0.0,Attend,820.7350644444444,942.6747477777776,835.2228394444444,529.7894997222222,782.11,1
34359,10281,1 Payment,31.25,10.46,Summer,Scholarship,DrWeil,F,US,US,NotListed,Others,OthStates,OthStates,0.0,0.0,Attend,895.531476111111,963.0164616666667,817.8807166666667,754.8263888888887,857.81,1
34460,10318,1 Payment,33.75,10.62,Summer,Scholarship,Ad,F,US,US,NotListed,Others,AZ&CA,AZ&CA,0.0,0.0,Attend,863.7542083333333,898.9451102777778,946.6287083333334,1026.9875594444445,934.08,1
34555,10331,1 Payment,36.0,10.97,Spring,Scholarship,Ad,F,US,US,NotListed,RegisteredNurse,OthStates,Unknown,0.0,0.0,Attend,742.3021269444445,997.6379813888884,861.6468588888887,818.69045,855.07,1
34565,16973,6 monthly payments,36.25,10.39,Spring,Scholarship,Other,F,US,US,Listed,Others,AZ&CA,AZ&CA,0.0,0.0,Attend,970.1700363888887,942.8287505555555,1242.7580094444445,700.1475380555556,963.98,1
34572,10373,1 Payment,25.0,9.89,Summer,Scholarship,Other,F,US,US,Listed,Others,AZ&CA,AZ&CA,0.0,0.0,Attend,815.6390372222223,720.6102058333333,841.4073958333332,741.3010080555556,779.74,1
34677,10403,6 monthly payments,34.5,10.59,Summer,Regular,Other,F,US,Unknown,Listed,RegisteredNurse,OthStates,Unknown,0.0,0.0,Attend,727.6146991666666,900.6532836111113,840.1679427777777,498.80068472222223,741.81,1
35174,10814,1 Payment,34.5,10.64,Spring,Scholarship,Ad,F,US,US,Listed,Others,OthStates,OthStates,0.0,0.0,Attend,954.2556933333333,932.8214019444445,839.3505972222223,976.9800383333333,925.85,1
35177,13769,2 Payments,37.0,11.34,Spring,Regular,Other,F,Unknown,Unknown,Listed,RegisteredNurse,Unknown,Unknown,0.0,0.0,Absence,966.1982105555555,1002.5503366666666,963.9462286111113,1172.2347274999995,1026.23,1
36099,13777,2 Payments,34.25,11.11,Spring,Scholarship,Other,F,US,US,NotListed,Others,OthStates,OthStates,0.0,0.0,Attend,840.3075108333333,2928.950000555556,832.1466683333333,786.5370808333333,1346.99,1
36381,11098,6 monthly payments,34.25,10.64,Spring,Scholarship,Other,F,US,US,NotListed,RegisteredNurse,AZ&CA,AZ&CA,0.0,0.0,Attend,777.0744405555556,1007.8901255555555,868.5275391666668,920.2696361111113,893.44,1
36660,13721,6 monthly payments,30.5,9.96,Spring,Scholarship,Ad,F,US,Unknown,Listed,Others,OthStates,Unknown,0.0,0.0,Attend,861.1630194444444,969.8751263888887,902.6200147222224,821.5840886111113,888.81,1
36986,12215,1 Payment,40.0,10.68,Spring,Scholarship,Other,F,US,US,NotListed,RegisteredNurse,OthStates,OthStates,0.0,0.0,Attend,840.0914291666667,978.0034061111113,982.9059822222224,896.4833969444444,924.37,1
37340,13806,1 Payment,36.5,10.72,Spring,Scholarship,Other,F,Unknown,US,NotListed,Others,OthStates,OthStates,0.0,0.0,Attend,906.3404313888884,1085.5329855555556,727.2836413888889,1126.8546327777776,961.5,1
38801,12594,6 monthly payments,31.25,10.21,Spring,Scholarship,Other,F,US,US,Listed,RegisteredNurse,AZ&CA,AZ&CA,0.0,0.0,Attend,713.9046602777777,966.6511883333333,963.8174086111113,619.931773611111,816.08,1
39070,13607,6 monthly payments,33.25,10.55,Spring,Scholarship,Ad,F,US,US,NotListed,Others,OthStates,OthStates,0.0,0.0,Attend,967.5843855555556,990.7887369444444,997.5847630555555,1314.6439269444445,1067.65,1
39198,13604,1 Payment,30.25,10.04,Spring,Regular,Other,F,US,US,NotListed,RegisteredNurse,OthStates,OthStates,0.0,0.0,Absence,987.7858,1010.8076758333333,1175.8878638888893,652.6847258333332,956.79,1
39272,13302,6 monthly payments,28.75,9.77,Spring,Scholarship,Associate,F,US,US,NotListed,Others,OthStates,OthStates,0.0,0.0,Attend,763.5812019444444,806.3340077777777,931.9535466666667,656.4891455555556,789.59,1
39382,13798,6 monthly payments,35.5,11.64,Spring,Scholarship,Other,F,US,US,NotListed,RegisteredNurse,OthStates,OthStates,0.0,0.0,Attend,843.5177080555555,987.5556949999999,914.6203925,871.5593875,904.31,1
39390,13599,6 monthly payments,29.75,10.36,Spring,Scholarship,DrWeil,F,US,US,Listed,RegisteredNurse,OthStates,OthStates,0.0,0.0,Attend,790.5054030555556,911.8097780555556,960.9039955555555,886.0368827777777,887.31,1
39530,13555,6 monthly payments,40.0,10.73,Summer,Scholarship,Associate,F,US,US,NotListed,Others,OthStates,OthStates,0.0,0.0,Attend,970.4400941666668,961.4682388888887,914.9976913888887,960.9178302777775,951.96,1
39585,13600,Other,0.0,0.0,Spring,Scholarship,Other,F,US,US,NotListed,Others,OthStates,OthStates,0.0,0.0,Attend,0.0,0.0,0.0,0.0,0.0,0
39839,16984,1 Payment,38.75,10.78,Spring,Scholarship,Associate,F,US,US,NotListed,Others,OthStates,OthStates,0.0,0.0,Attend,820.1281141666667,893.9954408333333,816.4282169444443,933.5160894444444,866.02,1
39894,13757,1 Payment,39.0,10.4,Spring,Scholarship,Other,F,US,US,NotListed,Others,AZ&CA,AZ&CA,0.0,0.0,Attend,936.5849747222225,930.6293452777776,1251.3938986111114,1105.2889658333334,1055.97,1
39905,13917,1 Payment,36.25,11.16,Spring,Scholarship,Other,F,US,US,NotListed,Others,Unknown,Unknown,0.0,0.0,Attend,1141.6916802777778,842.6005147222223,992.3678375,1275.378225,1063.01,1
40040,13782,1 Payment,25.5,10.57,Spring,Scholarship,Ad,F,US,US,NotListed,Others,OthStates,OthStates,0.0,0.0,Attend,842.063428611111,978.5115938888887,791.7192275,922.0215388888887,883.58,1
40048,13797,Full Scholarship,34.0,10.46,Summer,Scholarship,Other,F,US,US,NotListed,Others,OthStates,OthStates,0.0,0.0,Attend,1144.0618122222222,952.6129672222224,1189.3924683333332,1053.3343080555555,1084.85,1
40095,13790,6 monthly payments,27.5,10.81,Spring,Scholarship,Ad,F,US,US,NotListed,RegisteredNurse,AZ&CA,Unknown,0.0,0.0,Attend,889.5932777777778,1008.7747105555555,961.7880838888887,1186.246504722222,1011.6,1
40330,13866,6 monthly payments,38.5,11.26,Spring,Scholarship,Other,F,US,US,NotListed,RegisteredNurse,OthStates,OthStates,0.0,0.0,Attend,803.3590086111111,993.4177730555556,954.9917902777776,1268.291214722222,1005.01,1
40723,14863,Full Scholarship,28.25,10.46,Summer,Regular,Ad,F,US,US,Listed,Others,OthStates,OthStates,0.0,0.0,Attend,893.4674605555556,962.8982027777776,912.201370277778,955.7637052777776,931.08,1
40804,14391,1 Payment,39.25,10.41,Spring,Regular,Other,F,US,US,Listed,Others,OthStates,OthStates,0.0,0.0,Absence,655.616021388889,915.3422272222224,680.5262647222222,655.6929708333333,726.79,1
40898,14447,1 Payment,38.0,10.78,Spring,Regular,Other,F,US,US,NotListed,Others,OthStates,OthStates,0.0,0.0,Attend,788.3035944444445,981.5619086111113,765.3437255555556,699.9089055555555,808.78,1
40902,14449,1 Payment,19.5,9.63,Spring,Regular,Associate,M,US,US,NotListed,Others,OthStates,OthStates,0.0,0.0,Absence,775.5516277777778,845.0537827777777,532.0674394444444,339.5324705555556,623.05,1
41124,14519,1 Payment,26.75,10.01,Spring,Regular,Other,F,US,US,Listed,RegisteredNurse,OthStates,OthStates,0.0,0.0,Attend,910.2589158333334,847.4040313888887,913.0549802777778,723.2999230555556,848.5,1
41187,14746,6 monthly payments,28.0,9.66,Summer,Regular,Ad,F,US,US,NotListed,RegisteredNurse,OthStates,OthStates,0.0,0.0,Attend,960.4663355555556,955.5705291666666,799.3012322222223,335.0135613888889,762.59,1
41335,14661,1 Payment,38.5,10.38,Summer,Regular,Other,F,US,Unknown,NotListed,RegisteredNurse,OthStates,Unknown,0.0,0.0,Attend,825.7439508333334,931.0722997222224,910.3511541666666,643.0249888888889,827.55,1
41487,15136,1 Payment,38.5,10.44,Summer,Regular,Other,F,US,US,NotListed,Others,OthStates,OthStates,0.0,0.0,Attend,805.2520055555556,939.4730891666666,924.203395277778,989.9224375,914.71,1
41508,15478,Full Scholarship,36.25,10.13,Summer,Regular,Other,F,US,US,NotListed,Others,OthStates,OthStates,0.0,0.0,Attend,947.7625341666667,916.6005033333333,987.6260552777776,803.4702719444444,913.86,1
41737,14857,6 monthly payments,26.75,10.27,Summer,Regular,DrWeil,F,US,US,NotListed,RegisteredNurse,OthStates,OthStates,0.0,0.0,Attend,958.2177316666664,971.5928608333336,952.7722980555556,712.7164750000003,898.82,1
42291,15203,6 monthly payments,32.25,10.09,Summer,Regular,Other,F,Unknown,US,NotListed,Others,OthStates,OthStates,0.0,0.0,Attend,817.7761108333333,940.9304888888887,906.4591300000001,723.5904830555555,847.19,1
42552,15185,6 monthly payments,32.75,10.14,Summer,Regular,Ad,F,US,US,NotListed,Others,OthStates,OthStates,0.0,0.0,Attend,845.4567258333333,946.0246497222224,813.8592608333333,604.9339222222222,802.57,1
42574,15193,6 monthly payments,17.0,9.49,Summer,Regular,Ad,F,Intl,US,NotListed,Others,OthStates,OthStates,0.0,0.0,Absence,821.3547775000003,893.1923025,569.0493191666667,340.7540008333333,656.09,1
42592,15205,1 Payment,21.0,9.89,Summer,Scholarship,Ad,F,US,US,NotListed,RegisteredNurse,OthStates,OthStates,0.0,0.0,Absence,933.4421563888887,935.9248150000001,786.5383402777777,578.9684836111112,808.72,1
42593,15199,1 Payment,39.75,10.21,Summer,Scholarship,DrWeil,F,US,US,NotListed,Others,AZ&CA,AZ&CA,0.0,0.0,Attend,1042.8255391666667,1453.9450574999994,503.055655,1153.861313611111,1038.42,1
42608,15221,1 Payment,40.5,10.83,Summer,Regular,Ad,F,US,US,Listed,Others,OthStates,OthStates,0.0,0.0,Attend,676.9241949999998,964.1252027777778,795.8258141666665,542.6967294444445,744.89,1
43168,15795,1 Payment,25.0,9.95,Summer,Regular,Associate,M,US,US,NotListed,Others,OthStates,OthStates,0.0,0.0,Attend,928.0151319444444,917.2480166666667,862.3515205555556,698.2946341666667,851.48,1
43384,15804,6 monthly payments,28.0,10.25,Summer,Regular,Other,F,US,US,NotListed,RegisteredNurse,OthStates,OthStates,0.0,0.0,Attend,943.1716202777776,1155.2793097222225,818.5895636111111,698.5793197222223,903.9,1
43699,15797,1 Payment,38.5,9.85,Summer,Regular,Ad,F,US,US,NotListed,RegisteredNurse,AZ&CA,AZ&CA,0.0,0.0,Attend,861.5905091666667,842.4566947222223,862.7601580555556,640.2168166666668,801.76,1
43718,15798,1 Payment,31.5,10.9,Summer,Regular,Ad,F,US,US,NotListed,Others,AZ&CA,AZ&CA,0.0,0.0,Attend,970.6208711111113,942.4527258333336,990.6487694444444,674.5524394444445,894.57,1
43746,15895,6 monthly payments,18.5,10.93,Summer,Regular,Ad,F,US,US,NotListed,Others,OthStates,OthStates,0.0,0.0,Attend,964.8467052777776,1032.2857972222225,1115.1100733333333,737.3719100000003,962.4,1
43757,15811,6 monthly payments,37.75,10.67,Summer,Regular,Associate,F,US,US,NotListed,Others,AZ&CA,AZ&CA,0.0,0.0,Attend,1092.6094091666666,827.3472222222223,973.0833744444444,674.5248527777778,891.89,1
43866,18759,6 monthly payments,39.5,10.58,Summer,Scholarship,DrWeil,F,US,US,Listed,Others,OthStates,OthStates,0.0,0.0,Attend,958.4140191666667,962.9584408333334,944.9736752777776,983.2644091666667,962.4,1
43867,18990,1 Payment,29.5,9.73,Summer,Regular,Associate,F,US,US,Listed,Others,OthStates,OthStates,0.0,0.0,Attend,857.137115,938.4497044444445,987.5395194444444,896.1254769444445,919.81,1
44065,15988,6 monthly payments,35.25,10.01,Summer,Regular,Ad,F,US,US,Listed,Others,AZ&CA,AZ&CA,0.0,0.0,Attend,901.1060963888887,935.69671,927.4929119444445,916.1329308333336,920.11,1
44084,16031,1 Payment,21.0,10.78,Summer,Regular,DrWeil,F,US,US,NotListed,RegisteredNurse,OthStates,OthStates,0.0,0.0,Attend,190.96582194444446,912.4469741666667,888.1620805555556,656.3099988888888,661.97,1
45008,16149,Other,6.5,7.68,Summer,Scholarship,Other,F,US,US,NotListed,Others,OthStates,OthStates,0.0,0.0,Absence,1268.2331991666667,0.0,0.0,0.0,317.06,0
45548,16965,1 Payment,39.0,11.15,Spring,Regular,Other,F,US,US,Listed,RegisteredNurse,OthStates,OthStates,0.0,0.0,Attend,848.6987650000003,921.8579902777775,1162.0982741666667,969.1193775,975.44,1
45833,16294,6 monthly payments,0.0,0.0,Summer,Regular,Other,F,US,US,NotListed,RegisteredNurse,OthStates,OthStates,0.0,0.0,Attend,0.0,0.0,0.0,0.0,0.0,0
45909,16301,1 Payment,41.0,10.87,Spring,Regular,Other,F,US,US,NotListed,Others,OthStates,OthStates,0.0,0.0,Attend,840.6890413888889,916.8996280555556,1608.5696875,622.4854833333334,997.16,1
46683,16789,1 Payment,35.0,11.05,Spring,Regular,Associate,M,US,US,NotListed,Others,OthStates,OthStates,0.0,0.0,Attend,865.4632286111113,952.4883661111113,881.0500652777777,823.0406744444444,880.51,1
46696,16531,1 Payment,35.5,10.46,Spring,Regular,Ad,M,Intl,Intl,NotListed,Others,Unknown,Unknown,0.0,0.0,Attend,911.7909569444445,959.9785744444445,1006.70377,486.4397347222222,841.23,1
46962,16618,1 Payment,41.75,11.25,Spring,Regular,Ad,F,US,US,NotListed,Others,OthStates,Unknown,0.0,0.0,Attend,816.6760580555556,854.5609675000003,820.4772427777777,990.1476041666666,870.47,1
47332,18985,2 Payments,30.25,10.04,Summer,Scholarship,Ad,F,US,US,NotListed,Others,OthStates,OthStates,0.0,0.0,Attend,985.6656322222225,972.2977688888888,994.2417286111113,768.7806930555556,930.25,1
47401,17855,1 Payment,37.5,10.69,Summer,Regular,Ad,F,US,US,NotListed,Others,OthStates,OthStates,0.0,0.0,Attend,926.6949441666667,972.2514619444444,865.6571625,754.6547627777777,879.81,1
47452,16971,1 Payment,34.5,10.01,Spring,Scholarship,Ad,F,US,US,Listed,Others,AZ&CA,AZ&CA,0.0,0.0,Attend,840.0600013888887,924.5710675,900.8161422222224,750.3418849999997,853.95,1
47534,16757,1 Payment,36.75,10.66,Spring,Scholarship,Other,F,US,US,NotListed,Others,AZ&CA,AZ&CA,0.0,0.0,Absence,936.1378922222225,959.3484413888887,1150.623223888889,658.3439719444443,926.11,1
47549,16899,1 Payment,40.0,10.56,Summer,Regular,Other,F,US,US,NotListed,Others,OthStates,OthStates,0.0,0.0,Attend,909.3634025,964.458840277778,935.9399802777775,479.4048886111111,822.29,1
47713,16833,1 Payment,43.0,11.04,Spring,Regular,DrWeil,F,Intl,Intl,Listed,Others,Unknown,Unknown,0.0,0.0,Attend,1084.9877480555556,1318.913516111111,1483.490305,622.6480897222223,1127.51,1
47883,16861,1 Payment,42.75,10.73,Spring,Scholarship,DrWeil,F,US,US,Listed,Others,OthStates,OthStates,0.0,0.0,Attend,980.6899102777776,827.3281416666667,911.0381869444444,724.2499130555556,860.83,1
48286,16961,6 monthly payments,15.25,9.36,Spring,Regular,Other,F,US,US,NotListed,Others,OthStates,OthStates,0.0,0.0,Absence,917.3702402777776,112.9328875,0.0,0.0,257.58,0
48288,17448,6 monthly payments,26.5,10.36,Spring,Scholarship,Ad,F,Unknown,Intl,NotListed,Others,Unknown,Unknown,0.0,0.0,Attend,888.4899483333332,700.2605177777777,1338.6299491666666,795.8104419444444,930.8,1
48309,16975,2 Payments,37.5,10.54,Spring,Scholarship,Associate,F,US,US,NotListed,Others,OthStates,OthStates,0.0,0.0,Attend,742.2288297222223,915.1046775,951.8082738888887,569.0285238888888,794.54,1
48331,16985,2 Payments,14.75,8.65,Spring,Regular,Other,F,US,US,NotListed,Others,OthStates,OthStates,0.0,0.0,Absence,814.6882977777777,44.65975444444444,0.0,0.0,214.84,0
48377,18991,6 monthly payments,36.25,10.32,Summer,Scholarship,Ad,F,Unknown,Unknown,Listed,RegisteredNurse,Unknown,Unknown,0.0,0.0,Attend,859.1583005555556,940.6640863888887,626.0976952777778,403.3311741666666,707.31,1
48380,17088,2 Payments,34.25,10.77,Spring,Scholarship,Other,M,US,US,NotListed,RegisteredNurse,OthStates,OthStates,0.0,0.0,Attend,1037.0399075,897.8406858333334,1117.845837222222,1205.3289991666666,1064.51,1
48387,17089,Full Scholarship,39.5,10.26,Spring,Scholarship,Associate,F,US,US,NotListed,Others,OthStates,OthStates,0.0,0.0,Attend,1436.1975561111112,622.7715941666668,1135.5492352777776,554.3599213888889,937.22,1
48878,21671,1 Payment,3.25,7.31,Summer,Regular,DrWeil,F,Unknown,US,NotListed,Others,Unknown,OthStates,0.0,0.0,Attend,73.60906527777777,0.0,0.0,0.0,18.4,0
48921,17622,6 monthly payments,31.5,10.94,Spring,Scholarship,Ad,F,US,US,Listed,Others,AZ&CA,Unknown,0.0,0.0,Attend,966.2474363888887,872.1132136111113,1199.9542033333335,941.0231694444444,994.83,1
49761,18117,6 monthly payments,40.0,10.69,Spring,Scholarship,Ad,F,US,US,NotListed,Others,AZ&CA,AZ&CA,0.0,0.0,Attend,983.1668644444444,968.0797227777778,1031.376868888889,865.8135588888889,962.11,1
49913,18213,6 monthly payments,31.5,10.13,Spring,Scholarship,Ad,F,US,US,NotListed,Others,AZ&CA,AZ&CA,0.0,0.0,Attend,907.0223697222225,923.5192333333334,941.2994805555555,630.8120180555555,850.66,1
49990,18255,1 Payment,40.0,10.82,Spring,Scholarship,Associate,F,US,US,NotListed,Others,OthStates,OthStates,0.0,0.0,Attend,781.9764419444444,1087.0669269444445,912.6027169444444,1336.9302233333333,1029.64,1
50122,18336,2 Payments,37.0,11.06,Spring,Regular,Other,F,US,US,NotListed,RegisteredNurse,OthStates,OthStates,0.0,0.0,Attend,899.7017116666667,749.0814341666667,792.5383241666667,869.9534597222223,827.82,1
50435,18441,2 Payments,42.5,10.39,Spring,Regular,DrWeil,M,US,US,NotListed,Others,OthStates,OthStates,0.0,0.0,Attend,910.9647508333336,821.1004452777777,901.6860525000001,725.52787,839.82,0
50859,18626,6 monthly payments,34.75,9.98,Spring,Regular,Other,F,US,US,NotListed,RegisteredNurse,OthStates,OthStates,0.0,0.0,Absence,634.6437758333333,867.9345086111111,801.2835094444445,554.0388011111112,714.48,1
51655,18917,2 Payments,43.5,10.17,Summer,Scholarship,Ad,F,US,US,NotListed,Others,AZ&CA,AZ&CA,0.0,0.0,Attend,954.5232425,965.8694955555555,899.8126766666667,526.4466066666666,836.66,1
51744,18978,Other,2.5,6.77,Summer,Regular,Other,F,Unknown,US,NotListed,Others,OthStates,OthStates,0.0,0.0,Absence,0.6500758333333334,0.0,0.0,0.0,0.16,0
51772,19000,1 Payment,28.75,9.9,Summer,Regular,Associate,F,US,US,Listed,RegisteredNurse,OthStates,OthStates,0.0,0.0,Attend,965.9820202777776,937.3919836111113,914.6339727777776,336.6864269444445,788.67,1
51823,18989,6 monthly payments,40.25,9.15,Summer,Regular,Other,F,Unknown,US,Listed,Others,AZ&CA,AZ&CA,0.0,0.0,Attend,1547.3560550000002,516.364605,1094.9399041666666,131.08563388888888,822.44,0
52119,19257,1 Payment,33.75,10.5,Summer,Scholarship,Associate,F,Unknown,US,Listed,Others,AZ&CA,AZ&CA,0.0,0.0,Attend,928.7609902777778,994.4513166666667,962.2359655555556,850.1837075,933.91,1
52120,19184,2 Payments,18.5,9.74,Summer,Scholarship,Ad,F,US,US,NotListed,Others,AZ&CA,AZ&CA,0.0,0.0,Attend,816.9537805555556,872.8365477777777,769.1106913888889,458.5268269444445,729.36,1
52157,19196,1 Payment,38.75,10.6,Summer,Scholarship,Associate,F,US,US,NotListed,RegisteredNurse,OthStates,Unknown,0.0,0.0,Attend,882.8946433333333,1001.9326505555556,893.0458372222223,622.5833725,850.11,1
52271,19400,1 Payment,30.75,9.87,Summer,Regular,DrWeil,F,US,US,Listed,Others,OthStates,OthStates,0.0,0.0,Attend,579.6315466666666,789.5942641666666,823.595413888889,752.0736788888887,736.22,1
52380,19247,Other,8.25,8.14,Summer,Scholarship,Other,F,US,US,NotListed,Others,OthStates,OthStates,0.0,0.0,Attend,914.2327422222224,0.0,0.0,0.0,228.56,0
52718,19413,6 monthly payments,38.5,10.78,Summer,Regular,DrWeil,F,US,US,NotListed,Others,OthStates,OthStates,0.0,0.0,Attend,938.0647716666666,1009.5941622222224,965.803518611111,708.3634883333334,905.46,1
53946,20552,6 monthly payments,36.75,10.2,Summer,Regular,Other,F,US,US,NotListed,Others,OthStates,OthStates,0.0,0.0,Attend,853.1763730555556,994.394314722222,977.0157991666664,571.2537958333334,848.96,1
54042,20593,6 monthly payments,2.25,8.35,Summer,Regular,Ad,F,US,US,NotListed,Others,Unknown,Unknown,0.0,0.0,Absence,1366.7583044444443,0.0,578.8217977777778,0.0,486.4,0
55097,21280,Other,0.0,0.0,Summer,Regular,Other,F,US,US,NotListed,Others,OthStates,OthStates,0.0,0.0,Attend,0.0,0.0,0.0,0.0,0.0,0
