user_id,application_id,status_id,payment_plan,response,hours_online,program_name,application_type_name,professional_assoc,referrer,practice_type,home_state,work_state,gender,home_country,work_country,job_title,Orientation,Unit 1,Unit 2,Unit 3,Unit 4,preprobation,currentafterpreprbation
1491,6530,G,2 Payments,110,195183,IHeLp 2014 Summer,Regular,Other,Other,Other,NV,NV,F,US,US,Assistant Dean for Clinical Curriculum,NoNeed,991.3453255555555,994.3326925,1161.7357733333333,889.1239288888887,3.0,3.0
2314,6520,G,2 Payments,168,368728,IHeLp 2014 Summer,Regular,Other,Brochure/Mailing,Fam_Prac,,WI,F,,US,Director Integrative Medicine,NoNeed,915.0496847222224,958.1354516666668,985.1261575,956.250588888889,0.0,0.0
4349,13825,G,2 Payments,119,96821,IHeLp 2017 Summer,Regular,Registered Nurse,Other,Fam_Prac,KY,KY,F,USA,USA,Owner/Administrator,Attend,885.0240755555554,794.0818072222223,765.7584511111113,678.88792,0.0,0.0
5965,6611,G,2 Payments,105,270087,IHeLp 2014 Summer,Regular,Registered Nurse,Other,Surgery,,,F,,,,NoNeed,981.9848122222224,942.3957063888887,893.7496783333332,672.5456313888889,0.0,0.0
6843,13717,G,6 Monthly Payments,164,265024,IHeLp 2017 Spring,Scholarship,Other,CIM faculty,Pediatrics,CO,CO,F,USA,USA,Physician Assistant Pediatrics,Attend,840.2414719444445,930.4041894444445,929.2802127777776,900.1616250000003,0.0,0.0
7168,6111,G,6 monthly payments,139,276480,IHeLp 2014 Summer,Regular,TCM/OM practitioner,AF member,Other,,,F,,,,NoNeed,920.1925050000001,946.0138088888887,847.0950344444444,661.1627169444445,0.0,0.0
7199,6380,G,1 Payment,123,461838,IHeLp 2014 Summer,Regular,Registered Dietitian,CIM faculty,Other,,,F,,,,NoNeed,795.2672722222223,937.773185277778,1012.1172966666667,721.9590386111107,0.0,0.0
8451,6120,G,2 Payments,100,565005,IHeLp 2014 Summer,Regular,Registered Nurse,DrWeil,Other,,,F,Canada,,Registered Nurse,NoNeed,888.3969208333333,871.152761388889,962.8013333333333,679.5151194444445,0.0,0.0
8956,16990,W,2 Payments,53,22498,IHeLp 2018 Spring,Scholarship,Advanced Practice Nurse,DrWeil,Sub,CT,CT,F,US,United States of America (the),Jungian Analyst and Clinical Specialist,Attend,777.4634924999997,,,,0.0,0.0
9005,6672,G,6 monthly payments,106,299742,IHeLp 2014 Summer,Regular,Other,Prevention,Other,,,M,Canada,Canada,Registered Pharmacist,NoNeed,871.1212902777777,1007.6306191666664,547.5422994444443,717.0836955555556,0.0,0.0
9497,6534,G,1 Payment,108,200235,IHeLp 2014 Summer,Regular,Registered Nurse,AF member,Specialty Not Listed,OH,,M,USA,,Registered Nurse,NoNeed,964.6784458333333,850.6396883333333,706.8934672222223,675.3225897222222,0.0,0.0
9925,8366,G,1 Payment,129,336908,IHeLp 2015 Summer,Scholarship,Registered Dietitian,Other,Other,CA,,F,,,Clinical Dietitian,Attend,967.0262133333333,959.6830302777776,991.6020744444444,1004.15254,0.0,0.0
10429,6176,G,1 Payment,110,372740,IHeLp 2014 Summer,Regular,Registered Dietitian,Brochure/Mailing,Other,FL,FL,F,USA,USA,Oncology Dietitian,NoNeed,785.4134230555555,910.7468191666667,715.2135777777777,761.5045066666668,0.0,0.0
11066,6130,G,1 Payment,128,194687,IHeLp 2014 Summer,Regular,Registered Dietitian,Other,Other,CA,CA,F,US,US,,NoNeed,952.1901658333336,943.0903222222224,1012.0107138888887,732.0700127777777,0.0,0.0
12212,8573,D,1 Payment,434,427139,IHeLp 2015 Summer,Scholarship,Registered Nurse,Other,Other,CA,CA,F,US,US,,Attend,918.005063611111,853.5594672222223,870.7441822222223,973.1044630555556,0.0,0.0
12212,10014,G,1 Payment,434,427139,IHeLp 2016 Summer,Scholarship,Registered Nurse,Other,Other,CA,CA,F,US,US,,Attend,918.005063611111,853.5594672222223,870.7441822222223,973.1044630555556,0.0,0.0
12514,15186,G,6 Monthly Payments,169,99797,IHeLp 2017 Summer,Regular,Registered Dietitian,DrWeil,Other,WA,WA,F,US,USA,,Absence,935.7267955555556,953.6881083333333,824.1612402777777,670.6625727777778,0.0,0.0
12598,6573,G,1 Payment,152,472230,IHeLp 2014 Summer,Regular,Registered Nurse,Other,Other,AZ,AZ,F,,US,Instructor Tai Chi-GroupFitness-IHeLp,NoNeed,949.3205152777778,961.4199152777776,966.7534880555555,954.9688252777776,0.0,0.0
13253,8615,D,1 Payment,71,52420,IHeLp 2015 Summer,Regular,Therapist,Other,Other,,WV,F,UAE,United Arab Emirates,,Absence,613.7260294444444,1511.4140905555555,,,0.0,0.0
13910,9094,G,1 Payment,138,382402,IHeLp 2016 Spring,Regular,Dentist,Web,Other,NC,NC,F,United Sta,United States,Pediatric Dentist/Owner,Attend,969.3424380555556,981.6382047222224,1005.0531180555556,1370.0807266666668,0.0,0.0
14044,10342,W,6 Monthly Payments,1,119,IHeLp 2016 Summer,Scholarship,Other,CIM faculty,Other,AZ,AZ,F,US,US,,Attend,,,,,0.0,0.0
16274,7237,G,1 Payment,137,143557,IHeLp 2014 Winter,Regular Discounted,Certified Clinical Nutritionist,,,AZ,AZ,F,US,US,,NoNeed,960.4147230555556,980.817208611111,1084.801502222222,1273.7583833333333,0.0,0.0
16435,7215,G,1 Payment,120,90123,IHeLp 2014 Winter,Regular Discounted,Registered Nurse,,,AZ,,F,US,,Holistic Nurse,NoNeed,1082.6286372222226,1219.4861577777776,736.7112147222223,767.3446858333333,0.0,0.0
17210,8369,W,1 Payment,111,89221,IHeLp 2015 Summer,Scholarship,Registered Nurse,AF member,Specialty Not Listed,NM,,F,US,,Wellness Coach,Attend,901.1926261111107,804.1938508333333,878.3331633333332,0.0,0.0,0.0
17948,6123,G,1 Payment,150,151865,IHeLp 2016 Spring,Scholarship,Counselor,DrWeil,Specialty Not Listed,AZ,AZ,F,US,US,Doctor of Behavioral Health,Attend,721.9166697222223,795.6250022222223,315.5152472222222,555.9643419444443,0.0,0.0
18132,9030,G,6 Monthly Payments,136,145970,IHeLp 2016 Spring,Scholarship,Registered Nurse,Web,Other,AZ,AZ,F,US,US,Nurse Educator,Absence,933.088557777778,863.1166608333333,938.0509694444444,1058.4513463888886,0.0,0.0
18826,6452,G,6 monthly payments,166,395196,IHeLp 2014 Summer,Regular,Therapist,AF member,Other,WA,WA,F,US,US,Psychotherapist - Adult/Family,NoNeed,791.829195,889.3965080555556,270.6837341666667,792.7979975000003,0.0,0.0
18870,6577,D,1 Payment,366,707419,IHeLp 2015 Summer,Scholarship,Registered Dietitian,Other,Specialty Not Listed,ID,,F,US,,"Wellness Coordinator, RD",Attend,782.2191177777777,867.4164655555555,993.851581111111,1022.9680025,0.0,0.0
18870,9047,G,1 Payment,366,707419,IHeLp 2016 Spring,Regular Discounted,Registered Dietitian,Other,Specialty Not Listed,ID,,F,US,,"Wellness Coordinator, RD",Attend,782.2191177777777,867.4164655555555,993.851581111111,1022.9680025,0.0,0.0
19201,6172,G,1 Payment,123,302886,IHeLp 2014 Summer,Regular,Registered Nurse,DrWeil,Surgery,TX,,F,US,,RN,NoNeed,807.9082547222223,966.5657227777778,919.5482877777775,942.0057694444445,0.0,0.0
19237,6094,G,6 monthly payments,67,71795,IHeLp 2014 Summer,Regular,Psychologist,DrWeil,Other,,NM,M,,,,NoNeed,827.1418477777777,1010.7252641666664,,973.6066394444445,0.0,0.0
22349,8577,G,1 Payment,146,158701,IHeLp 2015 Summer,Scholarship,Registered Nurse,,,WI,WI,F,US,US,RN Care Coordinator,Attend,959.0701838888887,933.6694808333333,1123.1972877777778,1117.1972444444446,0.0,0.0
23965,8210,G,1 Payment,165,280237,IHeLp 2015 Summer,Scholarship,Registered Nurse,DrWeil_event,Other,,,F,Australia,Australia,theatre scrub nurse,Attend,957.3885483333332,928.2857286111113,695.7587347222221,645.7586533333333,0.0,0.0
24073,6096,G,2 Payments,135,430878,IHeLp 2014 Summer,Regular,Registered Nurse,DrWeil_event,Other,CO,,F,,,Integrative Health Coach,NoNeed,847.4004433333333,857.3927913888889,679.3158902777778,730.373765,0.0,0.0
24124,6174,G,2 Payments,93,116448,IHeLp 2014 Summer,Regular,Registered Nurse,Other,Fam_Prac,NC,NC,F,US,US,Division Officer,NoNeed,773.0782327777777,1058.006536111111,788.81899,758.8843005555556,2.0,1.0
24453,6118,G,6 monthly payments,96,161713,IHeLp 2014 Summer,Regular,Counselor,DrWeil_event,Other,TX,TX,,US,USA,CEO/Founder,NoNeed,964.9789916666667,973.54087,846.4688822222223,1014.2034875,0.0,0.0
24455,6124,G,2 Payments,119,190019,IHeLp 2014 Summer,Regular,Registered Dietitian,Other,Other,IL,IL,F,US,US,Nutrition Supervisor,NoNeed,947.9306741666667,991.8026058333336,743.6691400000003,676.0909380555555,1.0,1.0
24523,6135,G,1 Payment,119,235461,IHeLp 2014 Summer,Regular,Registered Nurse,DrWeil,Other,AZ,,F,US,,VP Clinical Business Process Integration,NoNeed,772.8584522222221,848.1189005555556,794.9579272222223,794.6993177777779,0.0,0.0
24534,6674,G,2 Payments,122,447514,IHeLp 2014 Summer,Regular,Registered Dietitian,Other,Other,,UT,F,,US,Dietetics Program Director,NoNeed,758.3268877777778,836.3781136111113,961.131745,740.4514719444444,0.0,0.0
24541,6126,W,6 monthly payments,12,3158,IHeLp 2014 Summer,Regular,Counselor,Brochure/Mailing,Other,AZ,AZ,F,US,US,Psychotherapist,NoNeed,313.8102216666667,,,,1.0,0.0
24615,6182,G,2 Payments,100,182144,IHeLp 2014 Summer,Regular,Registered Nurse,DrWeil,Other,AZ,AZ,F,US,US,Flight Nurse,NoNeed,959.6581641666667,1071.9777875,794.0683566666668,651.7709130555555,1.0,1.0
24760,6300,G,1 Payment,111,193124,IHeLp 2014 Summer,Regular,Counselor,CIM faculty,Other,,,F,,,,NoNeed,963.2902822222225,964.5472941666667,838.0563669444444,553.3329447222222,0.0,0.0
24779,6564,G,2 Payments,126,239400,IHeLp 2014 Summer,Regular,Acupuncturist,Web,Other,CA,,F,US,,Licensed Acupuncturist,NoNeed,844.9058913888887,915.4517275000001,935.070925277778,861.5693316666667,0.0,0.0
24780,6794,G,1 Payment,98,76599,IHeLp 2014 Winter,Regular,Therapist,Other,Other,AZ,AZ,F,USA,USA,Licensed Clinical Social Worker,NoNeed,1347.5661022222225,461.4583377777778,860.1444875,840.8948694444442,0.0,0.0
24827,6331,G,2 Payments,137,330702,IHeLp 2014 Summer,Regular,Other,DrWeil_event,Other,,,F,,,Speech-Language Pathologist,NoNeed,886.6458986111113,966.1282011111113,849.5839219444445,987.1849180555556,0.0,0.0
24923,6393,G,2 Payments,101,128646,IHeLp 2014 Summer,Regular,Psychologist,DrWeil,Sub,AZ,AZ,F,US,US,Health Psychologist and Research Fellow ,NoNeed,1180.6339355555556,864.7454574999997,721.8989755555556,460.88943138888885,2.0,2.0
24946,6414,G,2 Payments,142,399039,IHeLp 2014 Summer,Regular,Other,Other,Other,,,F,,,,NoNeed,951.3802213888887,932.5235327777775,903.0875613888887,711.1393908333333,0.0,0.0
25035,6474,G,2 Payments,102,148844,IHeLp 2014 Summer,Regular,Acupuncturist,Other,Fam_Prac,,CA,F,US,US,,NoNeed,816.4687366666667,886.5471008333334,876.1646288888887,739.55701,1.0,1.0
25101,6569,G,1 Payment,86,271692,IHeLp 2014 Summer,Regular,Other,Other,Other,DE,,F,US,,Health  Coach,NoNeed,966.9457194444444,935.8317416666664,982.8725483333334,529.5713797222222,0.0,0.0
25121,6543,G,6 monthly payments,107,302379,IHeLp 2014 Summer,Regular,Therapist,Other,Other,,,F,,,marriage and family therapist,NoNeed,788.1032261111111,698.7787572222223,923.7065702777776,689.6428580555556,0.0,0.0
25130,6546,G,1 Payment,160,230948,IHeLp 2014 Summer,Regular,Physical Therapist,Web,Sub,AZ,AZ,F,US,US,,NoNeed,889.2668630555555,856.0396213888887,721.5004969444444,670.7698019444445,0.0,0.0
25157,6630,G,1 Payment,135,190100,IHeLp 2014 Summer,Regular,Physical Therapist,Other,Other,,,F,Scotland,United Kingdom,Specialist Physiotherapist in Integrative Medicine,NoNeed,913.263745,890.7610525,843.0313230555556,836.789375,1.0,1.0
25194,6614,G,1 Payment,118,164812,IHeLp 2014 Summer,Regular,Psychologist,CIM faculty,Other,,,F,,,Psychologist,NoNeed,673.0980241666667,913.69844,742.9970036111113,766.0450386111113,0.0,0.0
25203,6588,G,2 Payments,136,262442,IHeLp 2014 Summer,Regular,Psychologist,DrWeil,Other,HI,HI,F,US,US,,NoNeed,872.7141777777778,956.758855,813.6834697222223,803.0732919444442,0.0,0.0
25205,6618,G,1 Payment,106,218880,IHeLp 2014 Summer,Regular,Therapist,DrWeil,Other,,CA,F,US,US,Psychotherapist,NoNeed,961.0576402777778,842.9137186111111,747.5020616666666,1198.0761838888886,1.0,1.0
25219,6597,G,6 monthly payments,83,149099,IHeLp 2014 Summer,Regular,Registered Dietitian,Other,Other,,CA,F,US,United Sta,"Registered Dietitian-Nutritionist, Health and Wellness Coach",NoNeed,867.9466580555555,837.5606947222223,945.2244441666667,843.2973488888887,0.0,0.0
25300,6642,G,6 monthly payments,131,461846,IHeLp 2014 Summer,Regular,Occupational Therapist,Web,Other,,,F,,,,NoNeed,872.7072277777777,951.4164977777775,843.5875558333332,678.2600249999998,0.0,0.0
25302,6647,G,1 Payment,137,184056,IHeLp 2014 Summer,Regular,Therapist,Other,Other,AZ,AZ,F,US,US,Multisystemic Clinical Supervisor,NoNeed,928.0025969444445,909.2186738888887,905.9339966666664,954.6830988888887,1.0,1.0
25325,6782,G,1 Payment,151,179703,IHeLp 2014 Winter,Regular,Registered Nurse,Brochure/Mailing,Other,AZ,AZ,F,US,US,RN,NoNeed,842.4957608333334,935.4639777777776,972.1902727777775,993.5402177777776,0.0,0.0
25379,6666,G,6 monthly payments,129,259900,IHeLp 2014 Summer,Regular,Therapist,DrWeil,Other,AZ,,F,US,US,Clinical Social Worker,NoNeed,777.5611255555556,962.2200377777775,981.2246602777775,956.2738075,1.0,0.0
25394,6671,D,2 Payments,166,354192,IHeLp 2014 Summer,Regular,Registered Nurse,Web,Other,MO,MO,,US,US,Associate Director,NoNeed,1109.5494186111114,934.5776761111113,,,2.0,1.0
25394,7230,W,,166,354192,IHeLp 2014 Winter,Regular Discounted,Registered Nurse,Web,Other,MO,MO,,US,US,Associate Director,NoNeed,1109.5494186111114,934.5776761111113,,,2.0,1.0
25415,6687,G,6 monthly payments,141,279724,IHeLp 2014 Summer,Regular,Acupuncturist,Other,Other,NY,,F,US,US,Acupuncturist,NoNeed,815.6198691666667,1920.743523333333,528.3101341666667,565.2546638888889,3.0,3.0
25421,8643,G,6 Monthly Payments,144,190443,IHeLp 2016 Spring,Regular,Registered Nurse,AF member,Pain Management,OK,OK,F,US,US,RN,Attend,851.7907727777778,974.0116997222225,939.2566116666667,1162.1336447222222,0.0,0.0
25449,6722,G,6 monthly payments,133,223611,IHeLp 2014 Summer,Regular,Registered Dietitian,Other,Sub,,,F,,,Nutrition & Diabetes Educator,NoNeed,862.7256163888889,942.5309330555556,993.8253569444445,721.3382613888889,0.0,0.0
25456,9138,G,6 Monthly Payments,151,577553,IHeLp 2016 Spring,Regular,Registered Nurse,DrWeil,Pediatrics,OH,,F,United States,,,Attend,912.0075086111113,973.10765,761.2967869444444,1344.509873611111,0.0,0.0
25462,6730,G,1 Payment,96,262125,IHeLp 2014 Summer,Scholarship,Registered Nurse,CIM faculty,OB/Gyn,AZ,,F,US,,Clinical Documentation Specialist,NoNeed,938.8202569444444,929.6655747222225,1129.7339825,784.4076844444444,0.0,0.0
25463,6732,G,1 Payment,167,348033,IHeLp 2014 Summer,Scholarship,Registered Nurse,DrWeil,OB/Gyn,AZ,AZ,F,US,US,"BS RNC#, staff ",NoNeed,937.4341213888887,932.3880833333334,723.0177216666666,895.8050641666667,0.0,0.0
25668,10333,G,1 Payment,102,110670,IHeLp 2017 Spring,Scholarship,Chiropractor,Brochure/Mailing,Other,GA,GA,F,US,US,Assistant,Absence,913.0958886111113,989.2602502777776,718.2653127777777,708.30336,0.0,0.0
25696,6889,G,1 Payment,131,216310,IHeLp 2014 Winter,Regular,Registered Nurse,Other,Other,AZ,,F,US,,Occupational Health Manager,NoNeed,975.706085,736.3329238888889,654.8777238888888,458.24699000000004,0.0,0.0
25790,8305,G,1 Payment,112,142963,IHeLp 2015 Summer,Scholarship,Registered Nurse,Other,Other,,,F,,,,Attend,939.4360641666666,967.8578252777776,1088.2517805555556,640.0079036111111,0.0,0.0
25833,6896,G,1 Payment,106,104018,IHeLp 2014 Winter,Regular,Therapist,AF member,Other,MO,,F,US,US,Social Worker,NoNeed,769.4711386111113,854.1324516666666,841.8027327777777,963.0252380555555,0.0,0.0
25942,6937,D,1 Payment,277,481667,IHeLp 2014 Winter,Regular,Registered Nurse,Web,Other,AZ,AZ,F,US,US,,NoNeed,855.7652105555555,972.8562388888887,835.3612449999997,900.1550097222223,0.0,0.0
25942,8349,G,1 Payment,277,481667,IHeLp 2015 Summer,Regular,Registered Nurse,Web,Other,AZ,AZ,F,US,US,,Attend,855.7652105555555,972.8562388888887,835.3612449999997,900.1550097222223,0.0,0.0
25958,6963,G,1 Payment,99,107969,IHeLp 2014 Winter,Regular,Other,Other,Other,AZ,,F,,,Dental Hygienist,NoNeed,965.7458922222224,904.2770288888887,821.9435527777777,696.7818383333333,0.0,0.0
26040,6966,G,2 Payments,128,125902,IHeLp 2014 Winter,Regular,Registered Nurse,Web,OB/Gyn,CA,CA,F,US,US,OBGYN Advice RN,NoNeed,888.8344991666668,946.3531508333333,935.6168830555556,693.8654202777777,0.0,0.0
26041,6968,G,2 Payments,122,180929,IHeLp 2014 Winter,Regular,Other,Web,Other,,,F,,Costa Rica,Dietitian /Co-owner,NoNeed,991.90695,963.2441455555555,992.4178733333333,986.16197,0.0,0.0
26054,10344,G,6 Monthly Payments,129,110504,IHeLp 2016 Summer,Scholarship,Registered Nurse,DrWeil,Other,CO,CO,F,US,US,Employee Health Coordinator,Absence,912.3799302777776,892.1970119444444,655.6146111111111,727.9950641666667,0.0,0.0
26078,6974,G,6 Monthly Payments,162,208694,IHeLp 2014 Winter,Regular Discounted,Other,Other,Other,,AZ,F,US,US,Behavioral Health Consultant & Faculty,NoNeed,1010.1131619444444,971.0576663888887,873.7359588888893,564.6357336111113,0.0,0.0
26172,6984,G,6 Monthly Payments,115,97780,IHeLp 2014 Winter,Regular,Therapist,Brochure/Mailing,Other,,IL,M,,United Sta,Psychotherapist,NoNeed,1474.7114730555554,606.6890466666666,1465.176038333333,703.8454019444445,0.0,0.0
26184,7024,G,6 Monthly Payments,162,447367,IHeLp 2014 Winter,Regular,Counselor,Web,Other,AR,AR,M,US,US,CEO,NoNeed,906.1932777777776,982.0674152777775,940.0872727777776,722.5809766666665,0.0,0.0
26315,7062,W,6 Monthly Payments,10,4688,IHeLp 2014 Winter,Regular,Registered Nurse,Web,Other,CA,,F,US,US,Disease Management Nurse,NoNeed,121.7687525,,,,0.0,0.0
26405,7086,G,1 Payment,147,189831,IHeLp 2014 Winter,Regular,Psychologist,CIM faculty,Other,,,M,,,,NoNeed,711.7217711111111,736.186931388889,832.3882269444445,768.714465,0.0,0.0
26583,7119,G,1 Payment,148,391406,IHeLp 2014 Winter,Regular,Registered Nurse,Web,Other,NJ,,F,,,,NoNeed,922.4301930555556,943.8646052777775,892.1736044444444,723.540678611111,0.0,0.0
26628,13528,G,1 Payment,161,158241,IHeLp 2017 Spring,Scholarship,Registered Nurse,Other,Fam_Prac,CA,CA,F,,USA,,Attend,778.3929597222221,981.5637947222225,919.7005708333336,1098.2722916666667,0.0,0.0
26660,8468,G,6 Monthly Payments,157,321061,IHeLp 2015 Summer,Scholarship,Registered Nurse,Web,Other,,,F,Canada,Canada,,Attend,945.0320005555556,997.3597,703.1587297222222,1055.3643272222225,0.0,0.0
26706,7145,G,1 Payment,122,310227,IHeLp 2014 Winter,Regular Discounted,Counselor,DrWeil_event,Specialty Not Listed,NC,,F,United States of America (the),,,NoNeed,919.6353830555556,907.3250577777776,1148.0456458333333,364.1793422222222,0.0,0.0
26757,7149,G,1 Payment,125,87358,IHeLp 2014 Winter,Regular Discounted,Registered Nurse,Web,Other,AZ,AZ,F,US,US,,NoNeed,1035.7922263888886,911.3227119444444,1195.7275594444445,615.1333847222222,0.0,0.0
26773,7313,G,1 Payment,137,242501,IHeLp 2014 Winter,Regular,Registered Nurse,Other,Surgery,TX,TX,F,US,US,,NoNeed,896.4817636111111,1250.6440205555555,750.1182455555555,2392.367609444445,0.0,0.0
26799,7157,G,6 Monthly Payments,121,211729,IHeLp 2014 Winter,Regular,Chiropractor,Brochure/Mailing,Other,AK,,F,United States,,"DC, NBC-HWC",NoNeed,965.1212433333333,969.7359919444444,994.5906508333333,657.6332955555556,0.0,0.0
26872,7240,G,6 Monthly Payments,144,147611,IHeLp 2014 Winter,Regular,Psychologist,CIM faculty,Other,MD,MD,F,US,US,,NoNeed,994.0845319444444,968.0397480555556,958.4777486111113,884.7952141666667,0.0,0.0
26910,7185,G,1 Payment,134,270230,IHeLp 2014 Winter,Regular,Registered Nurse,CIM faculty,Other,CA,,F,US,,,NoNeed,983.4244672222222,989.9658177777776,965.1992947222222,994.5037241666668,0.0,0.0
27039,7229,W,1 Payment,76,58620,IHeLp 2014 Winter,Regular,Counselor,CIM faculty,Other,AZ,AZ,F,US,US,Program Manager/Therapist,NoNeed,762.1687780555555,968.6091702777776,119.77837027777778,,0.0,0.0
27040,7209,G,6 Monthly Payments,83,224360,IHeLp 2014 Winter,Regular,Therapist,AF member,Other,NH,NH,F,USA,,Therapist & Founding Partner,NoNeed,950.2968569444445,826.9557472222223,962.6717958333332,697.4263508333332,0.0,0.0
27044,7211,G,2 Payments,148,87034,IHeLp 2014 Winter,Regular,Registered Nurse,DrWeil,Other,WA,WA,F,US,US,Charge Nurse,NoNeed,917.0065388888887,969.395254722222,859.8263144444444,897.1228199999997,0.0,0.0
27045,7288,G,1 Payment,153,164593,IHeLp 2014 Winter,Regular Discounted,Registered Nurse,AF member,Fam_Prac,WI,WI,M,US,US,"Manager, Community Clinics",NoNeed,594.7996350000002,941.970261388889,853.5746266666665,610.0910169444444,0.0,0.0
27046,7212,W,2 Payments,34,5378,IHeLp 2014 Winter,Regular,Therapist,CIM faculty,Other,,AZ,F,,US,,NoNeed,457.5167797222222,,,,0.0,0.0
27150,7277,G,1 Payment,151,138908,IHeLp 2014 Winter,Regular,Other,Web,Other,OH,,F,US,,CPST,NoNeed,893.7892805555556,940.219119722222,1008.3884394444444,842.3072336111113,0.0,0.0
27192,13725,G,1 Payment,139,133200,IHeLp 2017 Spring,Scholarship,Other,AF member,Sub,NH,NH,F,United States,USA,,Attend,828.842898888889,887.5413441666667,922.2456261111113,907.0605133333332,0.0,0.0
27247,7326,G,1 Payment,110,91094,IHeLp 2014 Winter,Regular,Registered Nurse,Other,Other,CA,CA,F,US,US,,NoNeed,940.3026258333334,925.5637855555556,946.7811461111113,602.7467752777778,0.0,0.0
27663,10280,G,1 Payment,127,191026,IHeLp 2016 Summer,Scholarship,Registered Nurse,DrWeil_event,Other,KY,KY,F,US,US,,Absence,720.3449858333332,943.535417777778,921.0674566666668,650.8414216666666,0.0,0.0
28028,8548,G,6 Monthly Payments,139,75098,IHeLp 2015 Summer,Scholarship,Registered Nurse,Brochure/Mailing,Other,AZ,AZ,F,US,United Sta,,Attend,904.9557330555556,1019.0437455555556,960.7825308333332,215.16516027777786,0.0,0.0
28120,8630,G,1 Payment,161,174718,IHeLp 2015 Summer,Regular,Registered Dietitian,DrWeil,Other,VA,VA,F,US,US,Associate Professor,Attend,1040.5024119444445,981.100696388889,1100.5560338888888,1335.1072861111113,0.0,0.0
28127,7798,G,6 Monthly Payments,144,94723,IHeLp 2015 Summer,Scholarship,Therapist,Web,Other,CA,CA,F,US,US,LCSW,Absence,967.3155075,796.2935702777777,799.0993122222222,930.4678163888887,0.0,0.0
28354,7915,G,1 Payment,147,153199,IHeLp 2015 Summer,Regular,Psychologist,Other,Other,WI,WI,F,US,US,Professor,Absence,959.6653319444445,947.1530813888887,957.7649313888887,674.7332288888888,0.0,0.0
28673,8266,G,2 Payments,153,310479,IHeLp 2015 Summer,Regular,Counselor,Web,Other,IN,IN,F,USA,USA,Clinical therapist,Attend,857.0709788888887,940.004314722222,870.3928197222223,576.8476677777778,0.0,0.0
28680,8097,G,1 Payment,122,82634,IHeLp 2015 Summer,Scholarship,Registered Nurse,Web,Other,CA,,F,US,US,Registered Nurse,Attend,967.4075883333336,933.9955083333333,711.1876275000003,376.9669122222222,0.0,0.0
28688,8106,G,6 Monthly Payments,143,187030,IHeLp 2015 Summer,Scholarship,Registered Nurse,Other,Other,,,F,US,US,Nursing Manager,Attend,964.932262777778,905.3797352777775,964.7438402777775,824.9030899999997,0.0,0.0
28997,11899,G,2 Payments,169,243372,IHeLp 2017 Spring,Regular,Registered Nurse,DrWeil,Fam_Prac,ID,ID,F,USA,USA,,Attend,721.7587777777777,912.0869180555555,774.9600269444444,767.6404547222223,0.0,0.0
29008,8280,G,6 Monthly Payments,144,244186,IHeLp 2015 Summer,Scholarship,Therapist,Other,Other,,,F,,,Integrative Medicine Counselor / Coordinator,Attend,970.1175066666667,923.3063958333332,961.220438611111,680.5254433333333,0.0,0.0
29028,8324,G,6 Monthly Payments,132,155011,IHeLp 2015 Summer,Scholarship,Registered Dietitian,Web,Other,FL,FL,F,US,US,Dietitian,Attend,887.2147788888889,905.810425,756.31012,711.5307894444444,0.0,0.0
29105,8310,G,1 Payment,149,74962,IHeLp 2016 Spring,Scholarship,Psychologist,AF member,Other,,AZ,F,,US,,Attend,517.2598977777777,853.2894569444444,1031.9629083333334,793.4257558333333,0.0,0.0
29119,8326,G,6 Monthly Payments,154,240216,IHeLp 2015 Summer,Scholarship,Physical Therapist,Web,Other,,,M,,,,Attend,812.6118211111111,646.8281677777778,457.82766,701.7581866666667,0.0,0.0
29145,8338,G,6 Monthly Payments,131,141583,IHeLp 2015 Summer,Scholarship,Therapist,DrWeil,Other,,,F,,,,Attend,919.5539338888887,1042.7338244444445,898.351665,1005.0147802777775,0.0,0.0
29184,8352,G,6 Monthly Payments,93,96246,IHeLp 2015 Summer,Scholarship,Registered Nurse,Web,Pediatrics,AZ,,F,US,,,Attend,987.9593855555556,938.6393405555556,1189.0652725000002,525.7584597222223,0.0,0.0
29195,8355,G,6 Monthly Payments,120,90391,IHeLp 2015 Summer,Scholarship,Registered Nurse,DrWeil,Other,,,F,,,,Absence,818.0379433333333,771.8948647222223,652.8527461111112,462.8835758333333,0.0,0.0
29197,8360,G,6 Monthly Payments,133,129453,IHeLp 2015 Summer,Scholarship,Registered Dietitian,Brochure/Mailing,Other,MI,,F,United States,,Healthy Living Advisors,Attend,903.4443694444444,940.4899647222225,1032.2245908333332,506.4536583333333,0.0,0.0
29316,8395,G,6 Monthly Payments,150,124406,IHeLp 2015 Summer,Scholarship,Psychologist,CIM faculty,Other,AZ,AZ,F,United States,United Sta,Clinical Psychologist/ Owner,Attend,768.8219658333335,841.0328288888887,1079.6338769444444,579.6666036111111,0.0,0.0
29364,8422,W,1 Payment,104,30250,IHeLp 2016 Summer,Scholarship,Registered Nurse,DrWeil,Other,IL,,F,US,,Clinical Assistant Professor,Attend,704.2688183333332,843.8379375000003,549.0398302777778,,0.0,0.0
29502,8489,G,2 Payments,163,207513,IHeLp 2015 Summer,Scholarship,Counselor,Other,Other,,,M,,,Licensed Mental Health Counselor,Attend,867.7972586111111,811.2760333333334,822.8448722222223,957.3657908333333,0.0,0.0
29522,8498,G,1 Payment,124,148845,IHeLp 2015 Summer,Scholarship,Registered Dietitian,Web,Other,,,F,,,Nutrition and Wellness Coordinator,Attend,883.5831533333335,971.3110691666667,1088.0919927777775,811.2573661111113,0.0,0.0
29551,14871,G,6 Monthly Payments,163,143617,IHeLp 2017 Summer,Regular,Registered Nurse,AF member,Surgery,AZ,AZ,F,USA,USA,RN-TL,Attend,941.9948058333333,889.7349944444444,938.4239280555556,726.3345511111113,0.0,0.0
29565,8533,G,6 Monthly Payments,119,161285,IHeLp 2015 Summer,Scholarship,Other,AF member,Other,,,F,,,HEALTH / MEDICAL NEWS REPORT,Attend,937.0643388888888,848.9013800000001,1227.9500105555558,775.5596880555556,0.0,0.0
29572,8578,G,2 Payments,149,322579,IHeLp 2015 Summer,Regular,Other,DrWeil_event,Other,,,F,,,,Attend,817.6473052777777,961.7211525,1007.6210741666667,1152.2523316666666,0.0,0.0
29583,8530,G,6 Monthly Payments,147,209290,IHeLp 2015 Summer,Regular,Physical Therapist,Other,Other,ID,ID,F,US,US,Physical Therapist,Attend,937.8611833333333,946.4819680555556,940.0186377777776,889.9075949999999,0.0,0.0
29593,8536,G,6 Monthly Payments,121,152164,IHeLp 2015 Summer,Scholarship,Acupuncturist,AF member,Other,,,F,,,Licensed Acupuncturist,Attend,804.0929644444444,971.9845972222224,863.0767144444444,437.8374897222222,0.0,0.0
29673,9046,G,6 Monthly Payments,153,157526,IHeLp 2016 Spring,Scholarship,Registered Nurse,CIM faculty,Pediatrics,NM,,F,,,,Attend,810.5401311111111,969.4853555555555,1275.035085,1186.3778405555556,0.0,0.0
29706,16942,G,1 Payment,154,225053,IHeLp 2018 Spring,Regular,Physician Assistant,Other,Other,FL,FL,F,United States,United States of America (the),,Attend,814.3719158333333,938.9848444444444,915.8017747222225,841.153701388889,0.0,0.0
29749,8619,D,2 Payments,396,347896,IHeLp 2015 Summer,Regular,Registered Nurse,DrWeil,Other,,,F,US,US,RN,Attend,731.3803027777777,874.903365,602.1152772222222,670.2479366666668,0.0,0.0
29749,9251,G,2 Payments,396,347896,IHeLp 2016 Spring,Regular,Registered Nurse,DrWeil,Other,,,F,US,US,RN,Attend,731.3803027777777,874.903365,602.1152772222222,670.2479366666668,0.0,0.0
29755,20614,G,1 Payment,177,143859,IHeLp 2018 Summer,Regular,Other,CIM faculty,Other,ME,ME,F,Brazil,Brazil,,Attend,580.4811994444443,1087.582038611111,2165.13468,142.89407833333334,0.0,0.0
30152,8703,G,1 Payment,118,120898,IHeLp 2017 Spring,Scholarship,Registered Nurse,Web,Fam_Prac,WA,WA,F,USA,USA,Primary Care Registered Nurse,Attend,673.8696238888889,850.5316705555556,818.0111516666667,171.26481833333338,0.0,0.0
30221,10279,G,6 Monthly Payments,120,217832,IHeLp 2016 Summer,Scholarship,Registered Nurse,AF member,Fam_Prac,NH,NH,F,US,US,Office Manager/ Clinical Coordinator,Attend,727.4657705555558,1059.1003349999999,816.8777705555556,454.5700744444443,0.0,0.0
30274,9121,G,1 Payment,166,195165,IHeLp 2016 Spring,Scholarship,Registered Nurse,DrWeil,Cardiology,CA,CA,M,USA,US,RN,Attend,875.2792816666665,793.8109841666667,650.5007361111111,599.39439,0.0,0.0
30306,9124,G,1 Payment,165,232750,IHeLp 2016 Summer,Scholarship,Registered Nurse,DrWeil,Cardiology,CA,CA,F,USA,usa,,Attend,736.5817163888887,865.4170188888893,626.9407861111113,404.0467561111112,0.0,0.0
30383,8758,G,6 Monthly Payments,147,124359,IHeLp 2016 Spring,Scholarship,Registered Nurse,Web,Other,AZ,AZ,M,United States,United Sta,Director of EMS & Fire Science Programs,Attend,901.3213469444444,941.4227863888887,944.9356686111113,725.5497983333332,0.0,0.0
30479,8787,G,1 Payment,101,121179,IHeLp 2016 Spring,Scholarship,Physical Therapist,Healthy_Aging,Other,PA,,M,,,,Attend,865.6268322222223,938.5825755555555,937.1535730555556,859.1201830555556,0.0,0.0
30560,8915,G,6 Monthly Payments,119,182227,IHeLp 2016 Spring,Regular,Registered Nurse,Other,Int_med,LA,LA,F,US,US,CEO,Attend,828.4282330555556,980.925772777778,958.8068227777776,1138.2609405555556,0.0,0.0
30897,9013,G,1 Payment,136,174582,IHeLp 2016 Spring,Scholarship,Therapist,DrWeil_event,Other,,,F,,,,Attend,863.5963525000003,952.2710363888887,1010.1602716666667,1033.1915669444445,0.0,0.0
30977,8933,G,2 Payments,160,202554,IHeLp 2016 Spring,Regular,Registered Nurse,Other,Other,AZ,,F,United States,,Managing Partner,Attend,745.7183391666667,390.4021408333333,887.473535,1652.9675922222225,0.0,0.0
31475,9066,W,,70,32375,IHeLp 2016 Spring,Scholarship,Other,Other,Other,CA,CA,F,US,United Sta,,Absence,974.1330997222225,4.053197222222222,,,0.0,0.0
31497,9078,G,1 Payment,145,111037,IHeLp 2016 Summer,Scholarship,Other,Other,Public Health &amp; Preventive Medicine,NJ,,F,US,US,Professor,Attend,953.4042525,1051.5355430555555,938.2537894444445,1037.6795472222225,0.0,0.0
31620,9128,G,2 Payments,89,341798,IHeLp 2017 Spring,Scholarship,Registered Nurse,AF member,Other,AZ,,F,US,US,Health coach,Attend,818.9606924999997,987.7869213888887,700.7984280555555,337.5116016666667,0.0,0.0
31630,16250,G,6 Monthly Payments,134,113048,IHeLp 2018 Spring,Regular,Registered Pharmacist,Web,Other,AZ,AZ,F,United States of America (the),USA,Sr VP Workers' Compensation Clinical Management,Attend,806.8713869444442,585.6503447222221,575.8498919444445,223.5014911111111,0.0,0.0
31717,9134,G,1 Payment,165,201831,IHeLp 2016 Spring,Scholarship,Registered Nurse,AF member,Fam_Prac,WI,WI,F,US,US,,Attend,932.591370277778,939.49807,889.2185097222223,1349.5873025,0.0,0.0
31734,9088,G,1 Payment,150,144617,IHeLp 2016 Spring,Scholarship,Registered Nurse,Other,Other,CA,CA,F,US,US,RN,Attend,887.2385183333334,951.2166827777776,961.225143888889,965.997695277778,0.0,0.0
31742,9071,W,2 Payments,15,4239,IHeLp 2016 Spring,Scholarship,Registered Nurse,Other,Other,,,F,,,RN,Attend,167.44241944444445,,,,0.0,0.0
31750,9074,G,1 Payment,143,274328,IHeLp 2016 Spring,Scholarship,Registered Nurse,Other,Other,WY,WY,F,US,US,Staff RN,Attend,792.1189558333333,828.2642697222221,794.8186825,1321.8928213888887,0.0,0.0
31872,9090,G,2 Payments,134,150308,IHeLp 2016 Spring,Regular,Counselor,Web,Other,AZ,AZ,F,US,US,,Attend,937.0231413888887,963.5912561111113,1003.8932408333333,1009.3095116666667,0.0,0.0
31923,9135,G,1 Payment,135,123698,IHeLp 2016 Spring,Scholarship,Registered Nurse,DrWeil,Int_med,CO,,F,US,,,Attend,722.4682930555556,925.6928630555556,1009.5274844444444,521.8215025000002,0.0,0.0
32000,10197,G,1 Payment,120,136393,IHeLp 2017 Spring,Scholarship,Registered Nurse,Other,Other,GA,GA,F,United States,US,Clinician,Attend,836.7235022222222,937.0469722222224,776.8402730555556,535.6992688888888,0.0,0.0
32218,9291,G,2 Payments,153,139935,IHeLp 2016 Spring,Regular,Registered Nurse,Other,Other,AZ,AZ,F,Pima,Pima,,Attend,699.9030700000003,608.0810944444444,371.18256805555563,400.7865633333333,0.0,0.0
32457,9458,G,1 Payment,142,198791,IHeLp 2016 Spring,Scholarship,Registered Nurse,CIM faculty,Fam_Prac,WI,WI,F,United States,United Sta,RN Health Coach,Attend,873.0309558333333,941.653674722222,897.9601550000001,995.9520330555556,0.0,0.0
32541,11436,G,2 Payments,124,127282,IHeLp 2017 Spring,Scholarship,Registered Nurse,AF member,Other,AK,AK,F,USA,USA,Diabetic Care Coordinator,Attend,728.2457333333334,881.2787908333332,842.1023694444444,663.3162938888888,0.0,0.0
32747,9672,G,1 Payment,106,120809,IHeLp 2016 Spring,Scholarship,Other,CIM faculty,Other,NM,,M,usa,,,Attend,967.2266080555555,942.700603888889,997.883807777778,856.4598447222223,0.0,0.0
32977,13812,G,1 Payment,134,156083,IHeLp 2017 Spring,Scholarship,Therapist,CIM faculty,Other,CT,CT,F,,USA,,Attend,917.4921158333334,945.8115013888887,930.7317977777775,1260.520667222222,0.0,0.0
33047,9808,G,2 Payments,107,127941,IHeLp 2016 Spring,Regular,Physical Therapist,Web,Other,CT,CT,F,,US,,Absence,862.5212688888887,926.2991333333333,764.6802469444444,1127.0518502777775,0.0,0.0
33097,9891,G,2 Payments,136,150003,IHeLp 2016 Spring,Regular,Registered Dietitian,Web,Other,,NY,F,,US,,Attend,887.9816988888889,957.2311063888887,875.7433105555556,997.0176513888887,0.0,0.0
33117,9831,G,6 Monthly Payments,92,73757,IHeLp 2016 Summer,Scholarship,Registered Dietitian,Other,Other,TX,,F,US,US,Renal Dietitian ,Absence,829.9958186111113,955.15845,1013.4193675,816.8944369444445,0.0,0.0
33169,10077,G,2 Payments,153,108592,IHeLp 2016 Summer,Regular,Counselor,CIM faculty,Other,,,F,,,,Attend,1030.2698727777777,933.9073833333333,885.4710436111113,786.1110958333333,0.0,0.0
33246,9892,G,1 Payment,151,217865,IHeLp 2016 Spring,Scholarship,Registered Dietitian,Other,Sub,PA,,F,US,US,Health Coach/Dietitian/Diabetes Educator,Attend,746.5289858333333,958.7821347222224,904.9087813888887,1087.2326966666667,0.0,0.0
33304,9914,G,2 Payments,139,160622,IHeLp 2016 Spring,Regular,Counselor,Web,Other,CA,CA,M,US,US,Private Practice Psychotherapist,Absence,727.5438366666666,977.3038061111113,1182.9440419444445,1205.6204830555555,0.0,0.0
33441,10307,D,6 Monthly Payments,440,1072325,IHeLp 2016 Summer,Scholarship,Registered Nurse,Other,Other,WY,WY,F,United States of America (the),US,RN supervisor ,Attend,951.115766111111,983.6636597222224,307.1963383333333,915.8698308333333,0.0,0.0
33441,13843,G,6 Monthly Payments,440,1072325,IHeLp 2017 Spring,Scholarship,Registered Nurse,Other,Other,WY,WY,F,United States of America (the),US,RN supervisor ,Attend,951.115766111111,983.6636597222224,307.1963383333333,915.8698308333333,0.0,0.0
33506,10413,G,1 Payment,148,206498,IHeLp 2016 Summer,Regular,Registered Nurse,AF member,Other,AZ,,F,USA,US,,Attend,897.4925144444444,873.3552247222221,958.3447766666667,715.2811158333334,0.0,0.0
33559,10061,W,1 Payment,94,30412,IHeLp 2016 Summer,Regular,Counselor,DrWeil,Other,FL,FL,F,US,US,Counselor,Attend,601.4425327777778,622.6158380555555,,,0.0,0.0
33778,10146,G,1 Payment,147,147755,IHeLp 2016 Summer,Scholarship,Registered Nurse,AF member,Other,NC,NC,F,US,US,Nursing Clinical Instructor,Attend,960.6446738888887,980.6318980555556,1061.2580261111113,529.2440430555555,0.0,0.0
33855,10192,G,2 Payments,142,90280,IHeLp 2016 Summer,Scholarship,Other,Other,Other,,,F,US,US,,Attend,887.3668791666665,934.9464144444444,1036.6007616666666,994.5222072222224,0.0,0.0
33897,10183,G,2 Payments,151,85522,IHeLp 2016 Summer,Scholarship,Registered Nurse,AF member,Other,GA,GA,F,US,US,,Attend,911.7697705555556,926.5553544444444,815.0279505555555,819.5751227777777,0.0,0.0
33971,10216,D,1 Payment,1,375,IHeLp 2016 Summer,Scholarship,Registered Dietitian,Other,Other,,,F,US,US,,Attend,,,,,0.0,0.0
33978,10215,G,1 Payment,151,86202,IHeLp 2016 Summer,Scholarship,Registered Dietitian,Other,Other,AZ,AZ,F,US,US,"health, food and fitness coach",Attend,865.2084336111111,986.2854191666668,1080.4462677777776,762.7648144444445,0.0,0.0
34083,10213,G,1 Payment,133,116927,IHeLp 2016 Summer,Scholarship,Registered Dietitian,DrWeil,Other,NJ,NJ,F,US,US,"dietitian, certified diabetes educator",Attend,963.9280747222224,911.6176569444444,1029.4445033333334,999.3281341666666,0.0,0.0
34143,10239,W,1 Payment,6,3084,IHeLp 2016 Summer,Scholarship,Psychologist,Other,Other,AZ,AZ,M,US,US,,Attend,0.0,,,,0.0,0.0
34157,10248,G,2 Payments,121,251417,IHeLp 2016 Summer,Regular,Registered Nurse,AF member,Fam_Prac,KS,KS,F,US,US,,Attend,820.7350644444444,942.6747477777776,835.2228394444444,529.7894997222222,0.0,0.0
34359,10281,G,1 Payment,125,139032,IHeLp 2016 Summer,Scholarship,Therapist,DrWeil,Other,CA,CA,F,US,US,,Attend,895.531476111111,963.0164616666667,817.8807166666667,754.8263888888887,0.0,0.0
34460,10318,G,1 Payment,135,164154,IHeLp 2016 Summer,Scholarship,Dentist,Web,Other,AZ,AZ,F,US,US,practice manager,Attend,863.7542083333333,898.9451102777778,946.6287083333334,1026.9875594444445,0.0,0.0
34555,10331,G,1 Payment,144,232028,IHeLp 2017 Spring,Scholarship,Registered Nurse,Web,Other,CO,,F,United States,United Sta,,Attend,742.3021269444445,997.6379813888884,861.6468588888887,818.69045,0.0,0.0
34565,16973,G,6 Monthly Payments,145,130739,IHeLp 2018 Spring,Scholarship,Advanced Practice Nurse,Other,Fam_Prac,AZ,AZ,F,US,United States of America (the),clinical faculty,Attend,970.1700363888887,942.8287505555555,1242.7580094444445,700.1475380555556,0.0,0.0
34572,10373,G,1 Payment,100,78968,IHeLp 2016 Summer,Scholarship,Other,Other,Fam_Prac,AZ,AZ,F,United States,US,Employee Health and Wellness Manager,Attend,815.6390372222223,720.6102058333333,841.4073958333332,741.3010080555556,0.0,0.0
34677,10403,G,6 Monthly Payments,138,159222,IHeLp 2016 Summer,Regular,Registered Nurse,Other,Sub,ME,,F,US,,,Attend,727.6146991666666,900.6532836111113,840.1679427777777,498.80068472222223,0.0,0.0
35174,10814,G,1 Payment,138,167207,IHeLp 2017 Spring,Scholarship,Registered Dietitian,Web,Fam_Prac,CA,CA,F,USA,USA,Clinical Dietitian,Attend,954.2556933333333,932.8214019444445,839.3505972222223,976.9800383333333,0.0,0.0
35177,13769,G,2 Payments,148,335546,IHeLp 2017 Spring,Regular,Registered Nurse,Other,Surgery,,,F,,,,Absence,966.1982105555555,1002.5503366666666,963.9462286111113,1172.2347274999995,0.0,0.0
36099,13777,G,2 Payments,137,267894,IHeLp 2017 Spring,Scholarship,Other,,,ME,ME,F,USA,USA,,Attend,840.3075108333333,2928.950000555556,832.1466683333333,786.5370808333333,0.0,0.0
36381,11098,G,6 Monthly Payments,137,167144,IHeLp 2017 Spring,Scholarship,Registered Nurse,Other,Other,AZ,AZ,F,USA,USA,,Attend,777.0744405555556,1007.8901255555555,868.5275391666668,920.2696361111113,0.0,0.0
36660,13721,G,6 Monthly Payments,122,85030,IHeLp 2017 Spring,Scholarship,Other,Web,Family Medicine,MN,,F,USA,,,Attend,861.1630194444444,969.8751263888887,902.6200147222224,821.5840886111113,0.0,0.0
36986,12215,G,1 Payment,160,174354,IHeLp 2017 Spring,Scholarship,Registered Nurse,Other,Other,PA,PA,F,USA,USA,Program Manager Hospital based Palliative Care,Attend,840.0914291666667,978.0034061111113,982.9059822222224,896.4833969444444,0.0,0.0
37340,13806,G,1 Payment,146,181454,IHeLp 2017 Spring,Scholarship,Physical Therapist,Other,Other,CO,CO,F,,USA,,Attend,906.3404313888884,1085.5329855555556,727.2836413888889,1126.8546327777776,0.0,0.0
38801,12594,G,6 Monthly Payments,125,108420,IHeLp 2018 Spring,Scholarship,Registered Nurse,Other,OB/Gyn,AZ,AZ,F,USA,USA,RN Case Manager,Attend,713.9046602777777,966.6511883333333,963.8174086111113,619.931773611111,0.0,0.0
39070,13607,G,6 Monthly Payments,133,153035,IHeLp 2017 Spring,Scholarship,Other,Brochure/Mailing,Other,CA,NM,F,United States,USA,,Attend,967.5843855555556,990.7887369444444,997.5847630555555,1314.6439269444445,0.0,0.0
39198,13604,G,1 Payment,121,91696,IHeLp 2018 Spring,Regular,Registered Nurse,Other,Other,IL,IL,F,USA,United States of America (the),Inpatient Nurse Coordinator,Absence,987.7858,1010.8076758333333,1175.8878638888893,652.6847258333332,0.0,0.0
39272,13302,G,6 Monthly Payments,115,69776,IHeLp 2017 Spring,Scholarship,Other,AF member,Other,CA,CA,F,USA,USA,,Attend,763.5812019444444,806.3340077777777,931.9535466666667,656.4891455555556,0.0,0.0
39382,13798,G,6 Monthly Payments,142,454878,IHeLp 2017 Spring,Scholarship,Registered Nurse,Other,Other,TX,TX,F,United States of America (the),USA,,Attend,843.5177080555555,987.555695,914.6203925000001,871.5593875,0.0,0.0
39390,13599,G,6 Monthly Payments,119,126633,IHeLp 2017 Spring,Scholarship,Registered Nurse,DrWeil,OB/Gyn,CA,CA,F,USA,USA,RN,Attend,790.5054030555556,911.8097780555556,960.9039955555555,886.0368827777777,0.0,0.0
39530,13555,G,6 Monthly Payments,160,182070,IHeLp 2017 Summer,Scholarship,Registered Pharmacist,AF member,Other,FL,FL,F,USA,USA,,Attend,970.4400941666668,961.4682388888887,914.9976913888887,960.9178302777775,0.0,0.0
39585,13600,W,,1,2847,IHeLp 2018 Spring,Scholarship,Therapist,Other,Other,OH,OH,F,USA,USA,Therapist,Attend,,,,,0.0,0.0
39839,16984,G,1 Payment,155,192552,IHeLp 2018 Spring,Scholarship,Physical Therapist,AF member,Other,IA,IA,F,USA,United States of America (the),,Attend,820.1281141666667,893.9954408333333,816.4282169444443,933.5160894444444,0.0,0.0
39894,13757,G,1 Payment,156,131557,IHeLp 2017 Spring,Scholarship,Other,Other,Other,AZ,AZ,F,USA,USA,Health Coach,Attend,936.5849747222225,930.6293452777776,1251.3938986111114,1105.2889658333334,0.0,0.0
39905,13917,G,1 Payment,145,280247,IHeLp 2017 Spring,Scholarship,Other,Other,Other,,,F,United States of America (the),USA,,Attend,1141.6916802777778,842.6005147222223,992.3678375,1275.378225,0.0,0.0
40040,13782,G,1 Payment,102,155756,IHeLp 2017 Spring,Scholarship,Therapist,Web,Other,IA,IA,F,USA,USA,Licensed Independent Social Worker ,Attend,842.063428611111,978.5115938888887,791.7192275,922.0215388888887,0.0,0.0
40048,13797,G,Full Scholarship,136,139288,IHeLp 2017 Summer,Scholarship,Other,Other,Other,PA,PA,F,USA,USA,,Attend,1144.0618122222222,952.6129672222224,1189.3924683333332,1053.3343080555555,0.0,0.0
40095,13790,G,6 Monthly Payments,110,197394,IHeLp 2017 Spring,Scholarship,Registered Nurse,Web,Other,AZ,,F,USA,USA,Registered Nurse,Attend,889.5932777777778,1008.7747105555555,961.7880838888887,1186.246504722222,0.0,0.0
40330,13866,G,6 Monthly Payments,154,309560,IHeLp 2017 Spring,Scholarship,Registered Nurse,Other,Other,NY,NY,F,USA,USA,,Attend,803.3590086111111,993.4177730555556,954.9917902777776,1268.291214722222,0.0,0.0
40723,14863,G,Full Scholarship,113,139902,IHeLp 2017 Summer,Regular,Other,Web,Fam_Prac,PA,PA,F,USA,USA,Nurse Practitioner,Attend,893.4674605555556,962.8982027777776,912.201370277778,955.7637052777776,0.0,0.0
40804,14391,G,1 Payment,157,133367,IHeLp 2017 Spring,Regular,Other,Other,Sub,PA,PA,F,USA,USA,Adult Nurse Practitioner,Absence,655.616021388889,915.3422272222224,680.5262647222222,655.6929708333333,0.0,0.0
40898,14447,G,1 Payment,152,192574,IHeLp 2017 Spring,Regular,Other,Other,Other,CT,CT,F,United States of America (the),USA,Planetree Services Supervisor,Attend,788.3035944444445,981.5619086111113,765.3437255555556,699.9089055555555,0.0,0.0
40902,14449,G,1 Payment,78,60863,IHeLp 2017 Spring,Regular,Other,AF member,Other,CT,CT,M,United States of America (the),USA,Cardiac Exercise Physiologist,Absence,775.5516277777778,845.0537827777777,532.0674394444444,339.5324705555556,0.0,0.0
41124,14519,G,1 Payment,107,89429,IHeLp 2017 Spring,Regular,Registered Nurse,Other,Surgery,CO,CO,F,United States,USA,,Attend,910.2589158333334,847.4040313888887,913.0549802777778,723.2999230555556,0.0,0.0
41187,14746,G,6 Monthly Payments,112,62514,IHeLp 2017 Summer,Regular,Registered Nurse,Web,Other,FL,FL,F,USA,USA,Community Care Coordinator,Attend,960.4663355555556,955.5705291666666,799.3012322222223,335.0135613888889,0.0,0.0
41335,14661,G,1 Payment,154,128238,IHeLp 2017 Summer,Regular,Registered Nurse,Other,Other,FL,,F,US,,Nursing Instructor,Attend,825.7439508333334,931.0722997222224,910.3511541666666,643.0249888888889,0.0,0.0
41487,15136,G,1 Payment,154,136373,IHeLp 2017 Summer,Regular,Occupational Therapist,Other,Other,MI,MI,F,United States of America (the),USA,Occupational Therapist,Attend,805.2520055555556,939.4730891666666,924.203395277778,989.9224375,0.0,0.0
41508,15478,G,Full Scholarship,145,100037,IHeLp 2017 Summer,Regular,Registered Pharmacist,Other,Other,PA,PA,F,USA,USA,,Attend,947.7625341666667,916.6005033333333,987.6260552777776,803.4702719444444,0.0,0.0
41737,14857,G,6 Monthly Payments,107,115942,IHeLp 2017 Summer,Regular,Registered Nurse,DrWeil,Other,OH,OH,F,US,United Sta,,Attend,958.2177316666664,971.5928608333336,952.7722980555556,712.7164750000003,0.0,0.0
42291,15203,G,6 Monthly Payments,129,96518,IHeLp 2017 Summer,Regular,Other,Other,Other,FL,FL,F,,USA,Nurse Practitioner,Attend,817.7761108333333,940.9304888888887,906.45913,723.5904830555555,0.0,0.0
42552,15185,G,6 Monthly Payments,131,101456,IHeLp 2017 Summer,Regular,Physical Therapist,Web,Other,NH,NH,F,USA,USA,Staff therapist,Attend,845.4567258333333,946.0246497222224,813.8592608333333,604.9339222222222,0.0,0.0
42574,15193,G,6 Monthly Payments,68,52956,IHeLp 2017 Summer,Regular,Other,Web,Other,OH,OH,F,Greentownship,USA,Certified Phamacy Tech.,Absence,821.3547775000003,893.1923025,569.0493191666667,340.7540008333333,0.0,0.0
42592,15205,G,1 Payment,84,78932,IHeLp 2017 Summer,Scholarship,Registered Nurse,Web,Other,CA,CA,F,United States,USA,,Absence,933.4421563888887,935.924815,786.5383402777777,578.9684836111112,0.0,0.0
42593,15199,G,1 Payment,159,108656,IHeLp 2017 Summer,Scholarship,Other,DrWeil,Other,AZ,AZ,F,United States,USA,,Attend,1042.8255391666667,1453.9450574999994,503.055655,1153.861313611111,0.0,0.0
42608,15221,G,1 Payment,162,202744,IHeLp 2017 Summer,Regular,Other,Web,Int_med,NC,NC,F,USA,USA,Hospitalist ,Attend,676.9241949999998,964.1252027777778,795.8258141666665,542.6967294444445,0.0,0.0
43168,15795,G,1 Payment,100,83450,IHeLp 2017 Summer,Regular,Physical Therapist,AF member,Other,CA,CA,M,USA,USA,Owner,Attend,928.0151319444444,917.2480166666667,862.3515205555556,698.2946341666667,0.0,0.0
43384,15804,G,6 Monthly Payments,112,112732,IHeLp 2017 Summer,Regular,Registered Nurse,Other,Other,LA,FL,F,United States,USA,Travel RN,Attend,943.1716202777776,1155.2793097222225,818.5895636111111,698.5793197222223,0.0,0.0
43699,15797,G,1 Payment,154,75875,IHeLp 2017 Summer,Regular,Registered Nurse,Web,Other,AZ,AZ,F,United States,USA,,Attend,861.5905091666667,842.4566947222223,862.7601580555556,640.2168166666668,0.0,0.0
43718,15798,G,1 Payment,126,217476,IHeLp 2017 Summer,Regular,Speech Pathologist,Web,Other,AZ,AZ,F,United States of America (the),USA,Speech-Language Pathologist,Attend,970.6208711111113,942.4527258333336,990.6487694444444,674.5524394444445,0.0,0.0
43746,15895,G,6 Monthly Payments,74,224203,IHeLp 2017 Summer,Regular,Advanced Practice Nurse,Web,Other,SC,SC,F,United States of America (the),USA,,Attend,964.8467052777776,1032.2857972222225,1115.1100733333333,737.3719100000003,0.0,0.0
43757,15811,G,6 Monthly Payments,151,172600,IHeLp 2017 Summer,Regular,Social Worker,AF member,Other,AZ,AZ,F,USA,USA,Primary Care Behavioral Health Consultant,Attend,1092.6094091666666,827.3472222222223,973.0833744444444,674.5248527777778,0.0,0.0
43866,18759,G,6 Monthly Payments,158,158118,IHeLp 2018 Summer,Scholarship,Certified Nurse Midwife,DrWeil,OB/Gyn,NY,NY,F,USA,United States of America (the),,Attend,958.4140191666667,962.9584408333334,944.9736752777776,983.2644091666667,0.0,0.0
43867,18990,G,1 Payment,118,67568,IHeLp 2018 Summer,Regular,NP,AF member,Int_med,IL,IL,F,USA,United States of America (the),,Attend,857.137115,938.4497044444445,987.5395194444444,896.1254769444445,0.0,0.0
44065,15988,G,6 Monthly Payments,141,88901,IHeLp 2017 Summer,Regular,Advanced Practice Nurse,Web,Fam_Prac,AZ,AZ,F,US,USA,,Attend,901.1060963888887,935.6967099999999,927.4929119444445,916.1329308333336,0.0,0.0
44084,16031,G,1 Payment,84,191657,IHeLp 2017 Summer,Regular,Registered Nurse,DrWeil,Other,FL,FL,F,United States of America (the),USA,,Attend,190.96582194444446,912.4469741666667,888.1620805555556,656.3099988888888,0.0,0.0
45008,16149,D,,26,8638,IHeLp 2018 Summer,Scholarship,Advanced Practice Nurse,Other,Other,PA,PA,F,US,USA,,Absence,1268.2331991666667,,,,0.0,0.0
45548,16965,G,1 Payment,156,278592,IHeLp 2018 Spring,Regular,Registered Nurse,Other,Emergency Medicine,CA,CA,F,United States of America (the),United States of America (the),RN,Attend,848.6987650000003,921.8579902777775,1162.0982741666667,969.1193775,0.0,0.0
45833,16294,W,6 Monthly Payments,6,1746,IHeLp 2018 Summer,Regular,Registered Nurse,Other,Other,MD,MD,F,US,USA,Assistant Director of Nursing,Attend,0.0,,,,0.0,0.0
45909,16301,G,1 Payment,164,210414,IHeLp 2018 Spring,Regular,Physical Therapist,Other,Other,TX,TX,F,United States of America (the),USA,,Attend,840.6890413888889,916.8996280555556,1608.5696875,622.4854833333334,0.0,0.0
46683,16789,G,1 Payment,140,252559,IHeLp 2018 Spring,Regular,Physical Therapist,AF member,Other,IA,IA,M,United States,United States of America (the),Physical Therapist,Attend,865.4632286111113,952.4883661111113,881.0500652777777,823.0406744444444,0.0,0.0
46696,16531,G,1 Payment,142,140088,IHeLp 2018 Spring,Regular,Acupuncturist,Brochure/Mailing,Other,,,M,Japan,Japan,Director ,Attend,911.7909569444445,959.9785744444445,1006.70377,486.4397347222222,0.0,0.0
46962,16618,G,1 Payment,167,306794,IHeLp 2018 Spring,Regular,Advanced Practice Nurse,Web,Other,IL,,F,USA,USA,Nurse Practitioner,Attend,816.6760580555556,854.5609675000003,820.4772427777777,990.1476041666666,0.0,0.0
47332,18985,G,2 Payments,121,91885,IHeLp 2018 Summer,Scholarship,Registered Dietitian,Web,Other,NY,NY,,USA,United States of America (the),,Attend,985.6656322222225,972.2977688888888,994.2417286111113,768.7806930555556,0.0,0.0
47401,17855,G,1 Payment,150,175644,IHeLp 2018 Summer,Regular,Registered Dietitian,Web,Specialty Not Listed,OR,OR,F,USA,United States of America (the),,Attend,926.6949441666667,972.2514619444444,865.6571625,754.6547627777777,0.0,0.0
47452,16971,G,1 Payment,138,89177,IHeLp 2018 Spring,Scholarship,Advanced Practice Nurse,Web,Rheumatology,AZ,AZ,F,USA,United States of America (the),Nurse Practitioner,Attend,840.0600013888887,924.5710675,900.8161422222224,750.3418849999997,0.0,0.0
47534,16757,G,1 Payment,147,170259,IHeLp 2018 Spring,Scholarship,Psychotherapists,Other,Other,AZ,AZ,F,United States,United States of America (the),Marriage and Family Therapist,Absence,936.1378922222225,959.3484413888887,1150.623223888889,658.3439719444443,0.0,0.0
47549,16899,G,1 Payment,160,154782,IHeLp 2018 Summer,Regular,Other,Other,Other,NJ,NJ,F,USA,United States of America (the),Physical Therapist,Attend,909.3634025,964.458840277778,935.9399802777775,479.4048886111111,0.0,0.0
47713,16833,G,1 Payment,172,248311,IHeLp 2018 Spring,Regular,Other,DrWeil,Acupuncturist,,,F,Japan,Japan,Acupuncturist,Attend,1084.9877480555556,1318.913516111111,1483.490305,622.6480897222223,0.0,0.0
47883,16861,G,1 Payment,171,183126,IHeLp 2018 Spring,Scholarship,Advanced Practice Nurse,DrWeil,Int_med,IL,IL,F,United States,United States of America (the),,Attend,980.6899102777776,827.3281416666667,911.0381869444444,724.2499130555556,0.0,0.0
48286,16961,W,6 Monthly Payments,61,46544,IHeLp 2018 Spring,Regular,Other,Other,Other,NJ,NJ,F,USA,United States of America (the),,Absence,917.3702402777776,112.9328875,,,0.0,0.0
48288,17448,G,6 Monthly Payments,106,126579,IHeLp 2018 Spring,Scholarship,Other,Web,Other,,,F,,Canada,Instructor,Attend,888.4899483333332,700.2605177777777,1338.6299491666666,795.8104419444444,0.0,0.0
48309,16975,G,2 Payments,150,150517,IHeLp 2018 Spring,Scholarship,Other,CIM faculty,Other,IA,IA,F,USA,United States of America (the),"Manager, Rehab Therapies ",Attend,742.2288297222223,915.1046775000001,951.8082738888887,569.0285238888888,0.0,0.0
48331,16985,W,2 Payments,59,22837,IHeLp 2018 Spring,Regular,Acupuncturist,Other,Other,CT,CT,F,USA,United States of America (the),,Absence,814.6882977777777,44.65975444444444,,,0.0,0.0
48377,18991,G,6 Monthly Payments,145,121924,IHeLp 2018 Summer,Scholarship,Registered Nurse,Web,Surgery,,,F,,,,Attend,859.1583005555556,940.6640863888887,626.0976952777778,403.33117416666664,0.0,0.0
48380,17088,G,2 Payments,137,189806,IHeLp 2018 Spring,Scholarship,Registered Nurse,Other,Other,CA,CA,M,USA,United States of America (the),Oncology nurse navigator,Attend,1037.0399075,897.8406858333334,1117.845837222222,1205.3289991666666,0.0,0.0
48387,17089,G,Full Scholarship,158,113876,IHeLp 2018 Spring,Scholarship,Dental Hygienists,CIM faculty,Other,PA,PA,F,USA,United States of America (the),,Attend,1436.1975561111112,622.7715941666668,1135.5492352777776,554.3599213888889,0.0,0.0
48878,21671,W,1 Payment,13,5979,IHeLp 2019 Summer,Regular,Psychologist,DrWeil,Other,,TX,F,,United States of America (the),Clinical Psychologist/Neuropsychologist ,Attend,73.60906527777777,,,,0.0,0.0
48921,17622,G,6 Monthly Payments,126,224549,IHeLp 2018 Spring,Scholarship,Advanced Practice Nurse,Web,Sub,AZ,,F,United States ,United States of America (the),Adult Nurse Practitioner,Attend,966.2474363888887,872.1132136111113,1199.9542033333335,941.0231694444444,0.0,0.0
49761,18117,G,6 Monthly Payments,160,175701,IHeLp 2018 Spring,Scholarship,Social Worker,Web,Other,AZ,AZ,F,USA,United States of America (the),,Attend,983.1668644444444,968.0797227777778,1031.376868888889,865.8135588888889,0.0,0.0
49913,18213,G,6 Monthly Payments,126,100681,IHeLp 2018 Spring,Scholarship,Other,Web,Other,AZ,AZ,F,USA,United States of America (the),,Attend,907.0223697222225,923.5192333333334,941.2994805555555,630.8120180555555,0.0,0.0
49990,18255,G,1 Payment,160,200963,IHeLp 2018 Spring,Scholarship,Psychologist,AF member,Other,MN,MN,F,United States,United States of America (the),Clinical Psychologist,Attend,781.9764419444444,1087.0669269444445,912.6027169444444,1336.9302233333333,0.0,0.0
50122,18336,G,2 Payments,148,255300,IHeLp 2018 Spring,Regular,Registered Nurse,Other,Other,CA,CA,F,US,United States of America (the),Oncology Nurse Navigator,Attend,899.7017116666667,749.0814341666667,792.5383241666667,869.9534597222223,0.0,0.0
50435,18441,I,2 Payments,170,129839,IHeLp 2018 Spring,Regular,Acupuncturist,DrWeil,Other,CA,CA,M,United States,United States of America (the),Acupuncturist,Attend,910.9647508333336,821.1004452777777,901.6860525,725.52787,0.0,0.0
50859,18626,G,6 Monthly Payments,139,86682,IHeLp 2018 Spring,Regular,Registered Nurse,Other,Other,CA,CA,F,USA,United States of America (the),,Absence,634.6437758333333,867.9345086111111,801.2835094444445,554.0388011111112,0.0,0.0
51655,18917,G,2 Payments,174,104365,IHeLp 2018 Summer,Scholarship,Other,Web,Other,AZ,AZ,F,USA,United States of America (the),Registered Nurse,Attend,954.5232425,965.8694955555555,899.8126766666667,526.4466066666666,0.0,0.0
51744,18978,D,,10,3499,IHeLp 2018 Summer,Regular,Other,Other,Other,CA,CA,F,,United States of America (the),,Absence,0.6500758333333334,,,,0.0,0.0
51772,19000,G,1 Payment,115,79921,IHeLp 2018 Summer,Regular,Registered Nurse,AF member,Fam_Prac,PA,PA,F,USA,United States of America (the),Clinical and Administrative Liaison,Attend,965.9820202777776,937.3919836111113,914.6339727777776,336.6864269444445,0.0,0.0
51823,18989,I,6 Monthly Payments,161,37525,IHeLp 2018 Summer,Regular,Social Worker,Other,Int_med,AZ,AZ,F,,United States of America (the),,Attend,1547.3560550000002,516.364605,1094.9399041666666,131.08563388888888,0.0,0.0
52119,19257,G,1 Payment,135,144966,IHeLp 2018 Summer,Scholarship,Dental Hygienists,AF member,Sub,AZ,AZ,F,,United States of America (the),,Attend,928.7609902777778,994.4513166666667,962.2359655555556,850.1837075,0.0,0.0
52120,19184,G,2 Payments,74,67904,IHeLp 2018 Summer,Scholarship,Other,Web,Other,AZ,AZ,F,USA,United States of America (the),"Registered nurse, Assisted Living Manager",Attend,816.9537805555556,872.8365477777777,769.1106913888889,458.5268269444445,0.0,0.0
52157,19196,G,1 Payment,155,160403,IHeLp 2018 Summer,Scholarship,Registered Nurse,CIM faculty,Other,CA,,F,United States of America (the),United States of America (the),RN,Attend,882.8946433333333,1001.9326505555556,893.0458372222223,622.5833725,0.0,0.0
52271,19400,G,1 Payment,123,77058,IHeLp 2018 Summer,Regular,Advanced Practice Nurse,DrWeil,OB/Gyn,VA,VA,F,US,United States of America (the),,Attend,579.6315466666666,789.5942641666666,823.595413888889,752.0736788888887,0.0,0.0
52380,19247,W,,33,13652,IHeLp 2019 Summer,Scholarship,Social Worker,Prevention,Other,VA,VA,F,United States,United States of America (the),Behavioral Health Care Coordinator,Attend,914.2327422222224,,,,0.0,0.0
52718,19413,G,6 Monthly Payments,154,192766,IHeLp 2018 Summer,Regular,Other,DrWeil,Other,MD,MD,F,USA,United States of America (the),,Attend,938.0647716666666,1009.5941622222224,965.803518611111,708.3634883333334,0.0,0.0
53946,20552,G,6 Monthly Payments,147,107448,IHeLp 2018 Summer,Regular,Registered Dietitian,Other,Other,TX,TX,F,United States,United States of America (the),,Attend,853.1763730555556,994.394314722222,977.0157991666664,571.2537958333334,0.0,0.0
54042,20593,I,6 Monthly Payments,9,16992,IHeLp 2018 Summer,Regular,Dentist,Web,Other,,,F,USA,United States of America (the),,Absence,1366.7583044444443,,578.8217977777778,,0.0,0.0
55097,21280,W,,1,2680,IHeLp 2019 Summer,Regular,Acupuncturist,Other,Other,CA,CA,F,United States,United States of America (the),Acupuncturist,Attend,,,,,0.0,0.0
